sample	cancer_type	frame_class	sample_percentile	median
BRE001	TN Breast	Gene Fusion	0.2696418732782369	0.5788429752066115
BRE001	TN Breast	Gene Fusion	0.3894214876033058	0.5788429752066115
BRE001	TN Breast	Gene Fusion	0.5878787878787879	0.5788429752066115
BRE001	TN Breast	Gene Fusion	0.6851790633608815	0.5788429752066115
BRE001	TN Breast	Gene Fusion	0.6993939393939393	0.5788429752066115
BRE001	TN Breast	Hidden NOP	0.1734986225895317	0.5788429752066115
BRE001	TN Breast	Hidden NOP	0.34424242424242424	0.5788429752066115
BRE001	TN Breast	Hidden NOP	0.5569146005509642	0.5788429752066115
BRE001	TN Breast	Hidden NOP	0.5702479338842975	0.5788429752066115
BRE001	TN Breast	Hidden NOP	0.5763085399449036	0.5788429752066115
BRE001	TN Breast	Hidden NOP	0.5813774104683196	0.5788429752066115
BRE001	TN Breast	Hidden NOP	0.8412121212121212	0.5788429752066115
BRE001	TN Breast	Hidden NOP	0.8473829201101928	0.5788429752066115
BRE001	TN Breast	Hidden NOP	0.9047933884297521	0.5788429752066115
BRE002	TN Breast	Gene Fusion	0.04191656670665067	0.5275223244035718
BRE002	TN Breast	Gene Fusion	0.060042649606823935	0.5275223244035718
BRE002	TN Breast	Gene Fusion	0.0741703318672531	0.5275223244035718
BRE002	TN Breast	Gene Fusion	0.08236705317872851	0.5275223244035718
BRE002	TN Breast	Gene Fusion	0.09876049580167932	0.5275223244035718
BRE002	TN Breast	Gene Fusion	0.17712914834066373	0.5275223244035718
BRE002	TN Breast	Gene Fusion	0.335599093695855	0.5275223244035718
BRE002	TN Breast	Gene Fusion	0.3391976542716247	0.5275223244035718
BRE002	TN Breast	Gene Fusion	0.36358789817406373	0.5275223244035718
BRE002	TN Breast	Gene Fusion	0.4220978275356524	0.5275223244035718
BRE002	TN Breast	Gene Fusion	0.42809542849526855	0.5275223244035718
BRE002	TN Breast	Gene Fusion	0.44422231107556975	0.5275223244035718
BRE002	TN Breast	Gene Fusion	0.45061975209916033	0.5275223244035718
BRE002	TN Breast	Gene Fusion	0.45968279354924696	0.5275223244035718
BRE002	TN Breast	Gene Fusion	0.46141543382646943	0.5275223244035718
BRE002	TN Breast	Gene Fusion	0.5069972011195522	0.5275223244035718
BRE002	TN Breast	Gene Fusion	0.5100626416100227	0.5275223244035718
BRE002	TN Breast	Gene Fusion	0.5120618419298947	0.5275223244035718
BRE002	TN Breast	Gene Fusion	0.5150606424097028	0.5275223244035718
BRE002	TN Breast	Gene Fusion	0.5200586432093829	0.5275223244035718
BRE002	TN Breast	Gene Fusion	0.5215247234439557	0.5275223244035718
BRE002	TN Breast	Gene Fusion	0.5224576835932294	0.5275223244035718
BRE002	TN Breast	Gene Fusion	0.5357856857257097	0.5275223244035718
BRE002	TN Breast	Gene Fusion	0.5475143276022925	0.5275223244035718
BRE002	TN Breast	Gene Fusion	0.5557776889244302	0.5275223244035718
BRE002	TN Breast	Gene Fusion	0.5612421697987472	0.5275223244035718
BRE002	TN Breast	Gene Fusion	0.5673730507796881	0.5275223244035718
BRE002	TN Breast	Gene Fusion	0.5715713714514195	0.5275223244035718
BRE002	TN Breast	Gene Fusion	0.5788351326136212	0.5275223244035718
BRE002	TN Breast	Gene Fusion	0.5799013727842196	0.5275223244035718
BRE002	TN Breast	Gene Fusion	0.5810342529654805	0.5275223244035718
BRE002	TN Breast	Gene Fusion	0.6086232173797148	0.5275223244035718
BRE002	TN Breast	Gene Fusion	0.6104224976675996	0.5275223244035718
BRE002	TN Breast	Gene Fusion	0.6124883379981341	0.5275223244035718
BRE002	TN Breast	Gene Fusion	0.6148207383713181	0.5275223244035718
BRE002	TN Breast	Gene Fusion	0.6350793016126882	0.5275223244035718
BRE002	TN Breast	Gene Fusion	0.6546714647474343	0.5275223244035718
BRE002	TN Breast	Gene Fusion	0.6931893909103025	0.5275223244035718
BRE002	TN Breast	Gene Fusion	0.7289084366253499	0.5275223244035718
BRE002	TN Breast	Gene Fusion	0.7313074770091963	0.5275223244035718
BRE002	TN Breast	Gene Fusion	0.7358389977342397	0.5275223244035718
BRE002	TN Breast	Gene Fusion	0.7426362788218046	0.5275223244035718
BRE002	TN Breast	Gene Fusion	0.7715580434492869	0.5275223244035718
BRE002	TN Breast	Gene Fusion	0.7736905237904838	0.5275223244035718
BRE002	TN Breast	Gene Fusion	0.7791550046648007	0.5275223244035718
BRE002	TN Breast	Gene Fusion	0.7900839664134346	0.5275223244035718
BRE002	TN Breast	Gene Fusion	0.7914167666266827	0.5275223244035718
BRE002	TN Breast	Gene Fusion	0.8739170998267359	0.5275223244035718
BRE002	TN Breast	Gene Fusion	0.9045715047314408	0.5275223244035718
BRE002	TN Breast	Gene Fusion	0.9544182327069173	0.5275223244035718
BRE002	TN Breast	Hidden NOP	0.04191656670665067	0.5275223244035718
BRE002	TN Breast	Hidden NOP	0.0741703318672531	0.5275223244035718
BRE002	TN Breast	Hidden NOP	0.07863521258163401	0.5275223244035718
BRE002	TN Breast	Hidden NOP	0.09409569505531121	0.5275223244035718
BRE002	TN Breast	Hidden NOP	0.13914434226309477	0.5275223244035718
BRE002	TN Breast	Hidden NOP	0.2612288417966147	0.5275223244035718
BRE002	TN Breast	Hidden NOP	0.27508996401439423	0.5275223244035718
BRE002	TN Breast	Hidden NOP	0.34639477542316405	0.5275223244035718
BRE002	TN Breast	Hidden NOP	0.3581234172997468	0.5275223244035718
BRE002	TN Breast	Hidden NOP	0.38504598160735704	0.5275223244035718
BRE002	TN Breast	Hidden NOP	0.38784486205517793	0.5275223244035718
BRE002	TN Breast	Hidden NOP	0.4055044648807144	0.5275223244035718
BRE002	TN Breast	Hidden NOP	0.4111688657870185	0.5275223244035718
BRE002	TN Breast	Hidden NOP	0.430494468879115	0.5275223244035718
BRE002	TN Breast	Hidden NOP	0.43435958949753434	0.5275223244035718
BRE002	TN Breast	Hidden NOP	0.44022391043582565	0.5275223244035718
BRE002	TN Breast	Hidden NOP	0.45448487271757965	0.5275223244035718
BRE002	TN Breast	Hidden NOP	0.45808343329334933	0.5275223244035718
BRE002	TN Breast	Hidden NOP	0.47234439557510327	0.5275223244035718
BRE002	TN Breast	Hidden NOP	0.475942956150873	0.5275223244035718
BRE002	TN Breast	Hidden NOP	0.47767559642809543	0.5275223244035718
BRE002	TN Breast	Hidden NOP	0.4886045581767293	0.5275223244035718
BRE002	TN Breast	Hidden NOP	0.4958016793282687	0.5275223244035718
BRE002	TN Breast	Hidden NOP	0.499666799946688	0.5275223244035718
BRE002	TN Breast	Hidden NOP	0.5040650406504065	0.5275223244035718
BRE002	TN Breast	Hidden NOP	0.507796881247501	0.5275223244035718
BRE002	TN Breast	Hidden NOP	0.5168599226975876	0.5275223244035718
BRE002	TN Breast	Hidden NOP	0.5259229641476743	0.5275223244035718
BRE002	TN Breast	Hidden NOP	0.5291216846594695	0.5275223244035718
BRE002	TN Breast	Hidden NOP	0.5377182460349194	0.5275223244035718
BRE002	TN Breast	Hidden NOP	0.5412501666000267	0.5275223244035718
BRE002	TN Breast	Hidden NOP	0.5443156070904971	0.5275223244035718
BRE002	TN Breast	Hidden NOP	0.5528455284552846	0.5275223244035718
BRE002	TN Breast	Hidden NOP	0.5715713714514195	0.5275223244035718
BRE002	TN Breast	Hidden NOP	0.5810342529654805	0.5275223244035718
BRE002	TN Breast	Hidden NOP	0.5852325736372118	0.5275223244035718
BRE002	TN Breast	Hidden NOP	0.5865653738504598	0.5275223244035718
BRE002	TN Breast	Hidden NOP	0.6086232173797148	0.5275223244035718
BRE002	TN Breast	Hidden NOP	0.6124883379981341	0.5275223244035718
BRE002	TN Breast	Hidden NOP	0.6172197787551646	0.5275223244035718
BRE002	TN Breast	Hidden NOP	0.667732906837265	0.5275223244035718
BRE002	TN Breast	Hidden NOP	0.6870585099293616	0.5275223244035718
BRE002	TN Breast	Hidden NOP	0.6925229908036785	0.5275223244035718
BRE002	TN Breast	Hidden NOP	0.6951885912301746	0.5275223244035718
BRE002	TN Breast	Hidden NOP	0.7402372384379582	0.5275223244035718
BRE002	TN Breast	Hidden NOP	0.7630281220844995	0.5275223244035718
BRE002	TN Breast	Hidden NOP	0.7736905237904838	0.5275223244035718
BRE002	TN Breast	Hidden NOP	0.811542049846728	0.5275223244035718
BRE002	TN Breast	Hidden NOP	0.8597894175663068	0.5275223244035718
BRE002	TN Breast	Hidden NOP	0.8971078235372517	0.5275223244035718
BRE002	TN Breast	Hidden NOP	0.9792083166733306	0.5275223244035718
BRE002	TN Breast	Indel	0.0898307343729175	0.5275223244035718
BRE003	TN Breast	Gene Fusion	0.5831588741567807	0.3468248429867411
BRE003	TN Breast	Gene Fusion	0.7597115608280995	0.3468248429867411
BRE003	TN Breast	Hidden NOP	0.054198650849034656	0.3468248429867411
BRE003	TN Breast	Indel	0.11049081181670156	0.3468248429867411
BRE004	TN Breast	Gene Fusion	0.02601100279895763	0.36038992375253354
BRE004	TN Breast	Gene Fusion	0.05704082617507963	0.36038992375253354
BRE004	TN Breast	Gene Fusion	0.16899913135797703	0.36038992375253354
BRE004	TN Breast	Gene Fusion	0.3672425441559695	0.36038992375253354
BRE004	TN Breast	Gene Fusion	0.40382202490107133	0.36038992375253354
BRE004	TN Breast	Gene Fusion	0.5393301804845092	0.36038992375253354
BRE004	TN Breast	Gene Fusion	0.9419940160216196	0.36038992375253354
BRE004	TN Breast	Hidden NOP	0.04246694334523694	0.36038992375253354
BRE004	TN Breast	Hidden NOP	0.1806775407779172	0.36038992375253354
BRE004	TN Breast	Hidden NOP	0.23675320914969597	0.36038992375253354
BRE004	TN Breast	Hidden NOP	0.2967860245150082	0.36038992375253354
BRE004	TN Breast	Hidden NOP	0.3180194961876267	0.36038992375253354
BRE004	TN Breast	Hidden NOP	0.3288292635845961	0.36038992375253354
BRE004	TN Breast	Hidden NOP	0.36038992375253354	0.36038992375253354
BRE004	TN Breast	Hidden NOP	0.3744812276807258	0.36038992375253354
BRE004	TN Breast	Hidden NOP	0.3885725316089181	0.36038992375253354
BRE004	TN Breast	Hidden NOP	0.3985136569829167	0.36038992375253354
BRE004	TN Breast	Hidden NOP	0.49898658430653414	0.36038992375253354
BRE004	TN Breast	Hidden NOP	0.5127883408937361	0.36038992375253354
BRE004	TN Breast	Hidden NOP	0.6949136183766046	0.36038992375253354
BRE004	TN Breast	Hidden NOP	0.7052408068719236	0.36038992375253354
BRE004	TN Breast	Indel	0.02601100279895763	0.36038992375253354
BRE004	TN Breast	Indel	0.240227777241579	0.36038992375253354
BRE005	TN Breast	Gene Fusion	0.1397498640565525	0.3452057277505891
BRE005	TN Breast	Gene Fusion	0.1993837230378829	0.3452057277505891
BRE005	TN Breast	Gene Fusion	0.36423781040420516	0.3452057277505891
BRE005	TN Breast	Gene Fusion	0.3762008337864782	0.3452057277505891
BRE005	TN Breast	Gene Fusion	0.4032988943266268	0.3452057277505891
BRE005	TN Breast	Gene Fusion	0.4103679535979699	0.3452057277505891
BRE005	TN Breast	Gene Fusion	0.5277324632952691	0.3452057277505891
BRE005	TN Breast	Gene Fusion	0.5390610839224216	0.3452057277505891
BRE005	TN Breast	Gene Fusion	0.5606307775965198	0.3452057277505891
BRE005	TN Breast	Gene Fusion	0.8369584919340222	0.3452057277505891
BRE005	TN Breast	Hidden NOP	0.03575312669929309	0.3452057277505891
BRE005	TN Breast	Hidden NOP	0.0734547761464564	0.3452057277505891
BRE005	TN Breast	Hidden NOP	0.1760467645459489	0.3452057277505891
BRE005	TN Breast	Hidden NOP	0.21071234366503536	0.3452057277505891
BRE005	TN Breast	Hidden NOP	0.23536342214971906	0.3452057277505891
BRE005	TN Breast	Hidden NOP	0.24415443175638935	0.3452057277505891
BRE005	TN Breast	Hidden NOP	0.26318651441000546	0.3452057277505891
BRE005	TN Breast	Hidden NOP	0.30782127968098605	0.3452057277505891
BRE005	TN Breast	Hidden NOP	0.33478339677360885	0.3452057277505891
BRE005	TN Breast	Hidden NOP	0.34130868225484867	0.3452057277505891
BRE005	TN Breast	Hidden NOP	0.3452057277505891	0.3452057277505891
BRE005	TN Breast	Hidden NOP	0.3517763277143375	0.3452057277505891
BRE005	TN Breast	Hidden NOP	0.6332245785753127	0.3452057277505891
BRE005	TN Breast	Hidden NOP	0.6346746420155882	0.3452057277505891
BRE005	TN Breast	Hidden NOP	0.869131774515135	0.3452057277505891
BRE005	TN Breast	Hidden NOP	0.8781040420518398	0.3452057277505891
BRE005	TN Breast	Indel	0.03575312669929309	0.3452057277505891
BRE005	TN Breast	Indel	0.04884901214428131	0.3452057277505891
BRE005	TN Breast	Indel	0.0734547761464564	0.3452057277505891
BRE005	TN Breast	Indel	0.1760467645459489	0.3452057277505891
BRE005	TN Breast	Indel	0.6083016131955773	0.3452057277505891
BRE005	TN Breast	Indel	0.7895595432300163	0.3452057277505891
BRE005	TN Breast	Indel	0.9680986043139387	0.3452057277505891
BRE006	TN Breast	Gene Fusion	0.3809811503141614	0.3943934267762204
BRE006	TN Breast	Gene Fusion	0.39427259545674237	0.3943934267762204
BRE006	TN Breast	Gene Fusion	0.8380860318994683	0.3943934267762204
BRE006	TN Breast	Hidden NOP	0.3079990333494442	0.3943934267762204
BRE006	TN Breast	Hidden NOP	0.34267762203963265	0.3943934267762204
BRE006	TN Breast	Hidden NOP	0.3943934267762204	0.3943934267762204
BRE006	TN Breast	Hidden NOP	0.40623489608506524	0.3943934267762204
BRE006	TN Breast	Hidden NOP	0.4712421459642339	0.3943934267762204
BRE006	TN Breast	Hidden NOP	0.7699371677138714	0.3943934267762204
BRE007	TN Breast	Gene Fusion	0.01638751033912324	0.3510132340777502
BRE007	TN Breast	Gene Fusion	0.04911083540115798	0.3510132340777502
BRE007	TN Breast	Gene Fusion	0.15410463192721258	0.3510132340777502
BRE007	TN Breast	Gene Fusion	0.16449545078577338	0.3510132340777502
BRE007	TN Breast	Gene Fusion	0.1729735318444996	0.3510132340777502
BRE007	TN Breast	Gene Fusion	0.19587468982630274	0.3510132340777502
BRE007	TN Breast	Gene Fusion	0.23283705541770058	0.3510132340777502
BRE007	TN Breast	Gene Fusion	0.24172870140612077	0.3510132340777502
BRE007	TN Breast	Gene Fusion	0.2483974358974359	0.3510132340777502
BRE007	TN Breast	Gene Fusion	0.3485318444995864	0.3510132340777502
BRE007	TN Breast	Gene Fusion	0.3601116625310174	0.3510132340777502
BRE007	TN Breast	Gene Fusion	0.37996277915632753	0.3510132340777502
BRE007	TN Breast	Gene Fusion	0.5850909842845327	0.3510132340777502
BRE007	TN Breast	Gene Fusion	0.5892266335814723	0.3510132340777502
BRE007	TN Breast	Gene Fusion	0.6151778329197684	0.3510132340777502
BRE007	TN Breast	Gene Fusion	0.6532258064516129	0.3510132340777502
BRE007	TN Breast	Gene Fusion	0.6655293631100083	0.3510132340777502
BRE007	TN Breast	Gene Fusion	0.6668734491315137	0.3510132340777502
BRE007	TN Breast	Hidden NOP	0.04911083540115798	0.3510132340777502
BRE007	TN Breast	Hidden NOP	0.06260339123242349	0.3510132340777502
BRE007	TN Breast	Hidden NOP	0.09615384615384616	0.3510132340777502
BRE007	TN Breast	Hidden NOP	0.12138130686517783	0.3510132340777502
BRE007	TN Breast	Hidden NOP	0.1316170388751034	0.3510132340777502
BRE007	TN Breast	Hidden NOP	0.15410463192721258	0.3510132340777502
BRE007	TN Breast	Hidden NOP	0.18848221670802315	0.3510132340777502
BRE007	TN Breast	Hidden NOP	0.19587468982630274	0.3510132340777502
BRE007	TN Breast	Hidden NOP	0.21019437551695616	0.3510132340777502
BRE007	TN Breast	Hidden NOP	0.21598428453267163	0.3510132340777502
BRE007	TN Breast	Hidden NOP	0.23283705541770058	0.3510132340777502
BRE007	TN Breast	Hidden NOP	0.26695616211745243	0.3510132340777502
BRE007	TN Breast	Hidden NOP	0.28928866832092637	0.3510132340777502
BRE007	TN Breast	Hidden NOP	0.3134822167080232	0.3510132340777502
BRE007	TN Breast	Hidden NOP	0.3428453267162945	0.3510132340777502
BRE007	TN Breast	Hidden NOP	0.3510132340777502	0.3510132340777502
BRE007	TN Breast	Hidden NOP	0.35370140612076095	0.3510132340777502
BRE007	TN Breast	Hidden NOP	0.3655913978494624	0.3510132340777502
BRE007	TN Breast	Hidden NOP	0.3730355665839537	0.3510132340777502
BRE007	TN Breast	Hidden NOP	0.397125723738627	0.3510132340777502
BRE007	TN Breast	Hidden NOP	0.41614971050454924	0.3510132340777502
BRE007	TN Breast	Hidden NOP	0.42969396195202647	0.3510132340777502
BRE007	TN Breast	Hidden NOP	0.43289909015715466	0.3510132340777502
BRE007	TN Breast	Hidden NOP	0.4814929693961952	0.3510132340777502
BRE007	TN Breast	Hidden NOP	0.48304383788254757	0.3510132340777502
BRE007	TN Breast	Hidden NOP	0.49255583126550867	0.3510132340777502
BRE007	TN Breast	Hidden NOP	0.4988626964433416	0.3510132340777502
BRE007	TN Breast	Hidden NOP	0.5574855252274608	0.3510132340777502
BRE007	TN Breast	Hidden NOP	0.6023573200992556	0.3510132340777502
BRE007	TN Breast	Hidden NOP	0.6266542597187759	0.3510132340777502
BRE007	TN Breast	Hidden NOP	0.696443341604632	0.3510132340777502
BRE007	TN Breast	Hidden NOP	0.7005789909015715	0.3510132340777502
BRE007	TN Breast	Hidden NOP	0.7900124069478908	0.3510132340777502
BRE007	TN Breast	Hidden NOP	0.8477047146401985	0.3510132340777502
BRE007	TN Breast	Hidden NOP	0.8776881720430108	0.3510132340777502
BRE007	TN Breast	Indel	0.01638751033912324	0.3510132340777502
BRE007	TN Breast	Indel	0.2483974358974359	0.3510132340777502
BRE008	TN Breast	Gene Fusion	0.0322075889946538	0.34717694614682487
BRE008	TN Breast	Gene Fusion	0.35806493675837786	0.34717694614682487
BRE008	TN Breast	Gene Fusion	0.4289346720563307	0.34717694614682487
BRE008	TN Breast	Hidden NOP	0.2185421828139262	0.34717694614682487
BRE008	TN Breast	Hidden NOP	0.3362889555352719	0.34717694614682487
BRE008	TN Breast	Hidden NOP	0.9411918111878993	0.34717694614682487
COL001	Colon	Gene Fusion	0.04883522120111135	0.22622355204103442
COL001	Colon	Gene Fusion	0.14180380423167344	0.22622355204103442
COL001	Colon	Gene Fusion	0.22622355204103442	0.22622355204103442
COL001	Colon	Gene Fusion	0.24823680273562726	0.22622355204103442
COL001	Colon	Gene Fusion	0.31555888010258604	0.22622355204103442
COL001	Colon	Gene Fusion	0.35798247488779655	0.22622355204103442
COL001	Colon	Gene Fusion	0.38106432998503953	0.22622355204103442
COL001	Colon	Gene Fusion	0.4715751228895063	0.22622355204103442
COL001	Colon	Hidden NOP	0.02676854028638598	0.22622355204103442
COL001	Colon	Hidden NOP	0.04883522120111135	0.22622355204103442
COL001	Colon	Hidden NOP	0.07095533233596922	0.22622355204103442
COL001	Colon	Hidden NOP	0.09040393246420175	0.22622355204103442
COL001	Colon	Hidden NOP	0.2006839068176961	0.22622355204103442
COL001	Colon	Hidden NOP	0.25715964949775594	0.22622355204103442
COL001	Colon	Hidden NOP	0.3187646933105364	0.22622355204103442
COL001	Colon	Hidden NOP	0.5247916221414832	0.22622355204103442
COL001	Colon	Hidden NOP	0.6394528745458431	0.22622355204103442
COL001	Colon	Hidden NOP	0.6732207736695875	0.22622355204103442
COL001	Colon	Indel	0.04883522120111135	0.22622355204103442
COL001	Colon	Indel	0.15740542851036546	0.22622355204103442
COL001	Colon	Indel	0.20987390468048728	0.22622355204103442
COL002	Colon	Gene Fusion	0.5563178959405375	0.5170097198399085
COL002	Colon	Gene Fusion	0.5956260720411664	0.5170097198399085
COL002	Colon	Hidden NOP	0.5170097198399085	0.5170097198399085
COL002	Colon	Indel	0.03316180674671241	0.5170097198399085
COL002	Colon	Indel	0.05231560891938251	0.5170097198399085
COL002	Colon	Indel	0.07990280160091481	0.5170097198399085
COL002	Colon	Indel	0.553030303030303	0.5170097198399085
COL003	Colon	Gene Fusion	0.20154577883472058	0.13293697978596908
COL003	Colon	Hidden NOP	0.06432818073721759	0.13293697978596908
GBM001	Glioblastoma	Gene Fusion	0.06518099186732579	0.30912135225641846
GBM001	Glioblastoma	Gene Fusion	0.10931270929676287	0.30912135225641846
GBM001	Glioblastoma	Gene Fusion	0.19311114654760006	0.30912135225641846
GBM001	Glioblastoma	Gene Fusion	0.3188486684739276	0.30912135225641846
GBM001	Glioblastoma	Gene Fusion	0.4402806569925052	0.30912135225641846
GBM001	Glioblastoma	Gene Fusion	0.504624461808324	0.30912135225641846
GBM001	Glioblastoma	Gene Fusion	0.7650295008770531	0.30912135225641846
GBM001	Glioblastoma	Gene Fusion	0.8545686493382235	0.30912135225641846
GBM001	Glioblastoma	Hidden NOP	0.06518099186732579	0.30912135225641846
GBM001	Glioblastoma	Hidden NOP	0.10931270929676287	0.30912135225641846
GBM001	Glioblastoma	Hidden NOP	0.14092648700366767	0.30912135225641846
GBM001	Glioblastoma	Hidden NOP	0.29939403603890924	0.30912135225641846
GBM001	Glioblastoma	Indel	0.06518099186732579	0.30912135225641846
GBM001	Glioblastoma	Indel	0.4655557327380003	0.30912135225641846
GBM001	Glioblastoma	Indel	0.4775952798596715	0.30912135225641846
GBM001	Glioblastoma	Indel	0.9997608036995694	0.30912135225641846
GBM002	Glioblastoma	Gene Fusion	0.05851459763460425	0.3520800595484245
GBM002	Glioblastoma	Gene Fusion	0.1320817136713258	0.3520800595484245
GBM002	Glioblastoma	Gene Fusion	0.21077661070217518	0.3520800595484245
GBM002	Glioblastoma	Gene Fusion	0.23897940616987842	0.3520800595484245
GBM002	Glioblastoma	Gene Fusion	0.288106856339426	0.3520800595484245
GBM002	Glioblastoma	Gene Fusion	0.30439996691754195	0.3520800595484245
GBM002	Glioblastoma	Gene Fusion	0.33793730874203953	0.3520800595484245
GBM002	Glioblastoma	Gene Fusion	0.39740302704490943	0.3520800595484245
GBM002	Glioblastoma	Gene Fusion	0.46116946489124144	0.3520800595484245
GBM002	Glioblastoma	Gene Fusion	0.4992142916218675	0.3520800595484245
GBM002	Glioblastoma	Gene Fusion	0.5921759986767017	0.3520800595484245
GBM002	Glioblastoma	Hidden NOP	0.05851459763460425	0.3520800595484245
GBM002	Glioblastoma	Hidden NOP	0.1320817136713258	0.3520800595484245
GBM002	Glioblastoma	Hidden NOP	0.17703250351501115	0.3520800595484245
GBM002	Glioblastoma	Hidden NOP	0.21077661070217518	0.3520800595484245
GBM002	Glioblastoma	Hidden NOP	0.23897940616987842	0.3520800595484245
GBM002	Glioblastoma	Hidden NOP	0.30439996691754195	0.3520800595484245
GBM002	Glioblastoma	Hidden NOP	0.3520800595484245	0.3520800595484245
GBM002	Glioblastoma	Hidden NOP	0.37159870978413695	0.3520800595484245
GBM002	Glioblastoma	Hidden NOP	0.4478537755355223	0.3520800595484245
GBM002	Glioblastoma	Hidden NOP	0.4552146224464478	0.3520800595484245
GBM002	Glioblastoma	Hidden NOP	0.48217682573815235	0.3520800595484245
GBM002	Glioblastoma	Hidden NOP	0.5045074849061285	0.3520800595484245
GBM002	Glioblastoma	Hidden NOP	0.5274997932346374	0.3520800595484245
GBM002	Glioblastoma	Hidden NOP	0.53163510048796625	0.3520800595484245
GBM002	Glioblastoma	Hidden NOP	0.6317922421635928	0.3520800595484245
GBM002	Glioblastoma	Hidden NOP	0.848151517657762	0.3520800595484245
GBM003	Glioblastoma	Gene Fusion	0.06703979083258436	0.3649399460740257
GBM003	Glioblastoma	Gene Fusion	0.10838303782988806	0.3649399460740257
GBM003	Glioblastoma	Gene Fusion	0.1646784868044775	0.3649399460740257
GBM003	Glioblastoma	Gene Fusion	0.18686167170520468	0.3649399460740257
GBM003	Glioblastoma	Gene Fusion	0.224242176648419	0.3649399460740257
GBM003	Glioblastoma	Gene Fusion	0.24013399787564343	0.3649399460740257
GBM003	Glioblastoma	Gene Fusion	0.24021570389737723	0.3649399460740257
GBM003	Glioblastoma	Gene Fusion	0.2534112264073862	0.3649399460740257
GBM003	Glioblastoma	Gene Fusion	0.2777187678731923	0.3649399460740257
GBM003	Glioblastoma	Gene Fusion	0.2888716398398562	0.3649399460740257
GBM003	Glioblastoma	Gene Fusion	0.31799983658795655	0.3649399460740257
GBM003	Glioblastoma	Gene Fusion	0.3469237682817224	0.3649399460740257
GBM003	Glioblastoma	Gene Fusion	0.38295612386632893	0.3649399460740257
GBM003	Glioblastoma	Gene Fusion	0.39929732821308933	0.3649399460740257
GBM003	Glioblastoma	Gene Fusion	0.40509845575618925	0.3649399460740257
GBM003	Glioblastoma	Gene Fusion	0.410572759212354	0.3649399460740257
GBM003	Glioblastoma	Gene Fusion	0.4185799493422665	0.3649399460740257
GBM003	Glioblastoma	Gene Fusion	0.45130321104665416	0.3649399460740257
GBM003	Glioblastoma	Gene Fusion	0.458779312035297	0.3649399460740257
GBM003	Glioblastoma	Gene Fusion	0.49505678568510497	0.3649399460740257
GBM003	Glioblastoma	Gene Fusion	0.5026962987172154	0.3649399460740257
GBM003	Glioblastoma	Gene Fusion	0.5055151564670316	0.3649399460740257
GBM003	Glioblastoma	Gene Fusion	0.5289647847046327	0.3649399460740257
GBM003	Glioblastoma	Gene Fusion	0.5874662962660349	0.3649399460740257
GBM003	Glioblastoma	Gene Fusion	0.7634610670806439	0.3649399460740257
GBM003	Glioblastoma	Hidden NOP	0.06703979083258436	0.3649399460740257
GBM003	Glioblastoma	Hidden NOP	0.10838303782988806	0.3649399460740257
GBM003	Glioblastoma	Hidden NOP	0.18686167170520468	0.3649399460740257
GBM003	Glioblastoma	Hidden NOP	0.224242176648419	0.3649399460740257
GBM003	Glioblastoma	Hidden NOP	0.2888716398398562	0.3649399460740257
GBM003	Glioblastoma	Hidden NOP	0.3399787564343492	0.3649399460740257
GBM003	Glioblastoma	Hidden NOP	0.45130321104665416	0.3649399460740257
GBM003	Glioblastoma	Hidden NOP	0.4916251327722853	0.3649399460740257
GBM003	Glioblastoma	Hidden NOP	0.5354195604216031	0.3649399460740257
GBM003	Glioblastoma	Hidden NOP	0.5578887163983985	0.3649399460740257
GBM003	Glioblastoma	Hidden NOP	0.6343655527412371	0.3649399460740257
GBM004	Glioblastoma	Gene Fusion	0.0555598635235732	0.29582816377171217
GBM004	Glioblastoma	Gene Fusion	0.11821495037220843	0.29582816377171217
GBM004	Glioblastoma	Gene Fusion	0.16551643920595532	0.29582816377171217
GBM004	Glioblastoma	Gene Fusion	0.29582816377171217	0.29582816377171217
GBM004	Glioblastoma	Gene Fusion	0.33436724565756826	0.29582816377171217
GBM004	Glioblastoma	Gene Fusion	0.36778846153846156	0.29582816377171217
GBM004	Glioblastoma	Gene Fusion	0.3771712158808933	0.29582816377171217
GBM004	Glioblastoma	Gene Fusion	0.6892834987593052	0.29582816377171217
GBM004	Glioblastoma	Hidden NOP	0.0555598635235732	0.29582816377171217
GBM004	Glioblastoma	Hidden NOP	0.25	0.29582816377171217
GBM004	Glioblastoma	Hidden NOP	0.32273573200992556	0.29582816377171217
GBM004	Glioblastoma	Hidden NOP	0.39167183622828783	0.29582816377171217
GBM004	Glioblastoma	Indel	0.0555598635235732	0.29582816377171217
GBM005	Glioblastoma	Gene Fusion	0.07874232645994018	0.3052888399181489
GBM005	Glioblastoma	Gene Fusion	0.10184164961435542	0.3052888399181489
GBM005	Glioblastoma	Gene Fusion	0.12328821029434912	0.3052888399181489
GBM005	Glioblastoma	Gene Fusion	0.14186211238784827	0.3052888399181489
GBM005	Glioblastoma	Gene Fusion	0.1845191248229183	0.3052888399181489
GBM005	Glioblastoma	Gene Fusion	0.1984889028805289	0.3052888399181489
GBM005	Glioblastoma	Gene Fusion	0.20927121045175506	0.3052888399181489
GBM005	Glioblastoma	Gene Fusion	0.2367385487171415	0.3052888399181489
GBM005	Glioblastoma	Gene Fusion	0.2880528883991815	0.3052888399181489
GBM005	Glioblastoma	Gene Fusion	0.31953407838816306	0.3052888399181489
GBM005	Glioblastoma	Gene Fusion	0.3345663466079018	0.3052888399181489
GBM005	Glioblastoma	Gene Fusion	0.3639225562726271	0.3052888399181489
GBM005	Glioblastoma	Gene Fusion	0.43152841177396506	0.3052888399181489
GBM005	Glioblastoma	Gene Fusion	0.4446718085943649	0.3052888399181489
GBM005	Glioblastoma	Gene Fusion	0.5598929639540374	0.3052888399181489
GBM005	Glioblastoma	Gene Fusion	0.5931843223673855	0.3052888399181489
GBM005	Glioblastoma	Gene Fusion	0.8196127813631355	0.3052888399181489
GBM005	Glioblastoma	Gene Fusion	0.8314182276090036	0.3052888399181489
GBM005	Glioblastoma	Hidden NOP	0.04777270580827955	0.3052888399181489
GBM005	Glioblastoma	Hidden NOP	0.07874232645994018	0.3052888399181489
GBM005	Glioblastoma	Hidden NOP	0.10184164961435542	0.3052888399181489
GBM005	Glioblastoma	Hidden NOP	0.12328821029434912	0.3052888399181489
GBM005	Glioblastoma	Hidden NOP	0.14186211238784827	0.3052888399181489
GBM005	Glioblastoma	Hidden NOP	0.17263497560207774	0.3052888399181489
GBM005	Glioblastoma	Hidden NOP	0.1845191248229183	0.3052888399181489
GBM005	Glioblastoma	Hidden NOP	0.1984889028805289	0.3052888399181489
GBM005	Glioblastoma	Hidden NOP	0.2094286164017	0.3052888399181489
GBM005	Glioblastoma	Hidden NOP	0.23665984574216906	0.3052888399181489
GBM005	Glioblastoma	Hidden NOP	0.24421533133952464	0.3052888399181489
GBM005	Glioblastoma	Hidden NOP	0.24437273728946954	0.3052888399181489
GBM005	Glioblastoma	Hidden NOP	0.2603494412088777	0.3052888399181489
GBM005	Glioblastoma	Hidden NOP	0.2993074138202424	0.3052888399181489
GBM005	Glioblastoma	Hidden NOP	0.3052888399181489	0.3052888399181489
GBM005	Glioblastoma	Hidden NOP	0.31945537541319063	0.3052888399181489
GBM005	Glioblastoma	Hidden NOP	0.3345663466079018	0.3052888399181489
GBM005	Glioblastoma	Hidden NOP	0.34849677317802613	0.3052888399181489
GBM005	Glioblastoma	Hidden NOP	0.3638438532976547	0.3052888399181489
GBM005	Glioblastoma	Hidden NOP	0.3697465764205887	0.3052888399181489
GBM005	Glioblastoma	Hidden NOP	0.3767904926806233	0.3052888399181489
GBM005	Glioblastoma	Hidden NOP	0.40823233118211866	0.3052888399181489
GBM005	Glioblastoma	Hidden NOP	0.42712104517550764	0.3052888399181489
GBM005	Glioblastoma	Hidden NOP	0.45356524476625215	0.3052888399181489
GBM005	Glioblastoma	Hidden NOP	0.47756965213285063	0.3052888399181489
GBM005	Glioblastoma	Hidden NOP	0.478671493782465	0.3052888399181489
GBM005	Glioblastoma	Hidden NOP	0.49669447505115694	0.3052888399181489
GBM005	Glioblastoma	Hidden NOP	0.5111758224460885	0.3052888399181489
GBM005	Glioblastoma	Hidden NOP	0.5174720604438848	0.3052888399181489
GBM005	Glioblastoma	Hidden NOP	0.5336848732882103	0.3052888399181489
GBM005	Glioblastoma	Hidden NOP	0.5521013694317645	0.3052888399181489
GBM005	Glioblastoma	Hidden NOP	0.553911537856131	0.3052888399181489
GBM005	Glioblastoma	Indel	0.04777270580827955	0.3052888399181489
GBM005	Glioblastoma	Indel	0.07874232645994018	0.3052888399181489
GBM005	Glioblastoma	Indel	0.2937982055721706	0.3052888399181489
GBM006	Glioblastoma	Gene Fusion	0.5907752698724239	0.3230127576054956
GBM006	Glioblastoma	Indel	0.19509322865554465	0.3230127576054956
GBM006	Glioblastoma	Indel	0.28792934249263985	0.3230127576054956
GBM006	Glioblastoma	Indel	0.3580961727183513	0.3230127576054956
HAN001	Head&Neck	Gene Fusion	0.3397898883782009	0.3397898883782009
HAN001	Head&Neck	Gene Fusion	0.48711424819435323	0.3397898883782009
HAN001	Head&Neck	Hidden NOP	0.22800393959290874	0.3397898883782009
HAN001	Head&Neck	Hidden NOP	0.3121306631648063	0.3397898883782009
HAN001	Head&Neck	Splice	0.49622455679579774	0.3397898883782009
HAN002	Head&Neck	Gene Fusion	0.11679681010134574	0.47443512211330785
HAN002	Head&Neck	Gene Fusion	0.7017777039375311	0.47443512211330785
HAN002	Head&Neck	Gene Fusion	0.7289416846652268	0.47443512211330785
HAN002	Head&Neck	Hidden NOP	0.11679681010134574	0.47443512211330785
HAN002	Head&Neck	Hidden NOP	0.20867253696627347	0.47443512211330785
HAN002	Head&Neck	Hidden NOP	0.3253032065127098	0.47443512211330785
HAN002	Head&Neck	Hidden NOP	0.3798803788004652	0.47443512211330785
HAN002	Head&Neck	Hidden NOP	0.46581658082738	0.47443512211330785
HAN002	Head&Neck	Hidden NOP	0.4830536633992358	0.47443512211330785
HAN002	Head&Neck	Hidden NOP	0.5428642631666389	0.47443512211330785
HAN002	Head&Neck	Hidden NOP	0.5569031400564878	0.47443512211330785
HAN002	Head&Neck	Hidden NOP	0.5689483302874232	0.47443512211330785
HAN002	Head&Neck	Hidden NOP	0.910948662568533	0.47443512211330785
HAN002	Head&Neck	Hidden NOP	0.9946835022428975	0.47443512211330785
HAN002	Head&Neck	Indel	0.11679681010134574	0.47443512211330785
HAN002	Head&Neck	Indel	0.3043694965941186	0.47443512211330785
HAN002	Head&Neck	Indel	0.46581658082738	0.47443512211330785
HAN002	Head&Neck	Indel	0.5241734507393254	0.47443512211330785
HAN003	Head&Neck	Gene Fusion	0.21633713993523096	0.5463183910005114
HAN003	Head&Neck	Gene Fusion	0.3233339014828703	0.5463183910005114
HAN003	Head&Neck	Gene Fusion	0.5463183910005114	0.5463183910005114
HAN003	Head&Neck	Gene Fusion	0.7030850519856826	0.5463183910005114
HAN003	Head&Neck	Gene Fusion	0.71723197545594	0.5463183910005114
HAN003	Head&Neck	Indel	0.5463183910005114	0.5463183910005114
HAN004	Head&Neck	Indel	0.518809318377912	0.518809318377912
HAN005	Head&Neck	Hidden NOP	0.5	0.5
HAN005	Head&Neck	Indel	0.5	0.5
HAN005	Head&Neck	Stoploss	1	0.5
LUN002	Non-Small Cell Lung Cancer	Gene Fusion	0.6565594534428495	0.5411453135794888
LUN002	Non-Small Cell Lung Cancer	Hidden NOP	0.21716435096338374	0.5411453135794888
LUN002	Non-Small Cell Lung Cancer	Hidden NOP	0.3105857066093498	0.5411453135794888
LUN002	Non-Small Cell Lung Cancer	Hidden NOP	0.36727565824825364	0.5411453135794888
LUN002	Non-Small Cell Lung Cancer	Hidden NOP	0.4063867352421893	0.5411453135794888
LUN002	Non-Small Cell Lung Cancer	Hidden NOP	0.5173869655331235	0.5411453135794888
LUN002	Non-Small Cell Lung Cancer	Hidden NOP	0.564903661625854	0.5411453135794888
LUN002	Non-Small Cell Lung Cancer	Hidden NOP	0.5792584631918324	0.5411453135794888
LUN002	Non-Small Cell Lung Cancer	Hidden NOP	0.5917709372841022	0.5411453135794888
LUN002	Non-Small Cell Lung Cancer	Hidden NOP	0.7423812082597682	0.5411453135794888
LUN002	Non-Small Cell Lung Cancer	Hidden NOP	0.9062715897750825	0.5411453135794888
LUN002	Non-Small Cell Lung Cancer	Indel	0.36727565824825364	0.5411453135794888
LUN004	Non-Small Cell Lung Cancer	Hidden NOP	0.6257970015509219	0.4991814578666207
LUN004	Non-Small Cell Lung Cancer	Indel	0.13493020851283818	0.4991814578666207
LUN004	Non-Small Cell Lung Cancer	Indel	0.23440461830087886	0.4991814578666207
LUN004	Non-Small Cell Lung Cancer	Indel	0.4646734447699466	0.4991814578666207
LUN004	Non-Small Cell Lung Cancer	Indel	0.5336894709632949	0.4991814578666207
LUN004	Non-Small Cell Lung Cancer	Indel	0.9784594175426503	0.4991814578666207
LUN005	Non-Small Cell Lung Cancer	Gene Fusion	0.2787670007158196	0.5463045812455262
LUN005	Non-Small Cell Lung Cancer	Gene Fusion	0.39231388690050106	0.5463045812455262
LUN005	Non-Small Cell Lung Cancer	Gene Fusion	0.4506531853972799	0.5463045812455262
LUN005	Non-Small Cell Lung Cancer	Gene Fusion	0.5611130994989263	0.5463045812455262
LUN005	Non-Small Cell Lung Cancer	Gene Fusion	0.58182712956335	0.5463045812455262
LUN005	Non-Small Cell Lung Cancer	Gene Fusion	0.622449892627058	0.5463045812455262
LUN005	Non-Small Cell Lung Cancer	Gene Fusion	0.9470293486041518	0.5463045812455262
LUN005	Non-Small Cell Lung Cancer	Hidden NOP	0.49829992841803866	0.5463045812455262
LUN005	Non-Small Cell Lung Cancer	Hidden NOP	0.531496062992126	0.5463045812455262
LUN005	Non-Small Cell Lung Cancer	Hidden NOP	0.58182712956335	0.5463045812455262
LUN005	Non-Small Cell Lung Cancer	Hidden NOP	0.9051539012168933	0.5463045812455262
LUN005	Non-Small Cell Lung Cancer	Indel	0.2787670007158196	0.5463045812455262
LUN005	Non-Small Cell Lung Cancer	Indel	0.39231388690050106	0.5463045812455262
LUN005	Non-Small Cell Lung Cancer	Indel	0.622449892627058	0.5463045812455262
LUN006	Non-Small Cell Lung Cancer	Gene Fusion	0.2675239755884917	0.31431996512641674
LUN006	Non-Small Cell Lung Cancer	Hidden NOP	0.2675239755884917	0.31431996512641674
LUN006	Non-Small Cell Lung Cancer	Hidden NOP	0.36111595466434177	0.31431996512641674
LUN006	Non-Small Cell Lung Cancer	Hidden NOP	0.4919790758500436	0.31431996512641674
LUN008	Non-Small Cell Lung Cancer	Gene Fusion	0.03534521491687884	0.3234236932754231
LUN008	Non-Small Cell Lung Cancer	Gene Fusion	0.08420697918226748	0.3234236932754231
LUN008	Non-Small Cell Lung Cancer	Gene Fusion	0.1159203234985772	0.3234236932754231
LUN008	Non-Small Cell Lung Cancer	Gene Fusion	0.1609255653736708	0.3234236932754231
LUN008	Non-Small Cell Lung Cancer	Gene Fusion	0.18604912385802008	0.3234236932754231
LUN008	Non-Small Cell Lung Cancer	Gene Fusion	0.2154036243822076	0.3234236932754231
LUN008	Non-Small Cell Lung Cancer	Gene Fusion	0.22772203085217912	0.3234236932754231
LUN008	Non-Small Cell Lung Cancer	Gene Fusion	0.2489141830163247	0.3234236932754231
LUN008	Non-Small Cell Lung Cancer	Gene Fusion	0.25924816534371725	0.3234236932754231
LUN008	Non-Small Cell Lung Cancer	Gene Fusion	0.26377864310319005	0.3234236932754231
LUN008	Non-Small Cell Lung Cancer	Gene Fusion	0.2991238580200689	0.3234236932754231
LUN008	Non-Small Cell Lung Cancer	Gene Fusion	0.305900853676801	0.3234236932754231
LUN008	Non-Small Cell Lung Cancer	Gene Fusion	0.3234236932754231	0.3234236932754231
LUN008	Non-Small Cell Lung Cancer	Gene Fusion	0.33035045679197245	0.3234236932754231
LUN008	Non-Small Cell Lung Cancer	Gene Fusion	0.33607907742998355	0.3234236932754231
LUN008	Non-Small Cell Lung Cancer	Gene Fusion	0.3414332784184514	0.3234236932754231
LUN008	Non-Small Cell Lung Cancer	Gene Fusion	0.3624382207578254	0.3234236932754231
LUN008	Non-Small Cell Lung Cancer	Gene Fusion	0.3767410513703759	0.3234236932754231
LUN008	Non-Small Cell Lung Cancer	Gene Fusion	0.38378014078178824	0.3234236932754231
LUN008	Non-Small Cell Lung Cancer	Gene Fusion	0.4052718286655684	0.3234236932754231
LUN008	Non-Small Cell Lung Cancer	Gene Fusion	0.4416654186011682	0.3234236932754231
LUN008	Non-Small Cell Lung Cancer	Gene Fusion	0.44765613299385953	0.3234236932754231
LUN008	Non-Small Cell Lung Cancer	Gene Fusion	0.4549947581249064	0.3234236932754231
LUN008	Non-Small Cell Lung Cancer	Gene Fusion	0.5467275722629924	0.3234236932754231
LUN008	Non-Small Cell Lung Cancer	Gene Fusion	0.7087763965852928	0.3234236932754231
LUN008	Non-Small Cell Lung Cancer	Gene Fusion	0.8718735959263142	0.3234236932754231
LUN008	Non-Small Cell Lung Cancer	Gene Fusion	0.8953122659877191	0.3234236932754231
LUN008	Non-Small Cell Lung Cancer	Hidden NOP	0.03534521491687884	0.3234236932754231
LUN008	Non-Small Cell Lung Cancer	Hidden NOP	0.08420697918226748	0.3234236932754231
LUN008	Non-Small Cell Lung Cancer	Hidden NOP	0.1159203234985772	0.3234236932754231
LUN008	Non-Small Cell Lung Cancer	Hidden NOP	0.1416055114572413	0.3234236932754231
LUN008	Non-Small Cell Lung Cancer	Hidden NOP	0.1609255653736708	0.3234236932754231
LUN008	Non-Small Cell Lung Cancer	Hidden NOP	0.17788677549797813	0.3234236932754231
LUN008	Non-Small Cell Lung Cancer	Hidden NOP	0.20061404822525086	0.3234236932754231
LUN008	Non-Small Cell Lung Cancer	Hidden NOP	0.2154036243822076	0.3234236932754231
LUN008	Non-Small Cell Lung Cancer	Hidden NOP	0.2371948479856223	0.3234236932754231
LUN008	Non-Small Cell Lung Cancer	Hidden NOP	0.27190354949827766	0.3234236932754231
LUN008	Non-Small Cell Lung Cancer	Hidden NOP	0.2909240676950726	0.3234236932754231
LUN008	Non-Small Cell Lung Cancer	Hidden NOP	0.2991238580200689	0.3234236932754231
LUN008	Non-Small Cell Lung Cancer	Hidden NOP	0.305900853676801	0.3234236932754231
LUN008	Non-Small Cell Lung Cancer	Hidden NOP	0.32349857720533176	0.3234236932754231
LUN008	Non-Small Cell Lung Cancer	Hidden NOP	0.33035045679197245	0.3234236932754231
LUN008	Non-Small Cell Lung Cancer	Hidden NOP	0.3623633368279167	0.3234236932754231
LUN008	Non-Small Cell Lung Cancer	Hidden NOP	0.39666017672607456	0.3234236932754231
LUN008	Non-Small Cell Lung Cancer	Hidden NOP	0.4052718286655684	0.3234236932754231
LUN008	Non-Small Cell Lung Cancer	Hidden NOP	0.40991463231990416	0.3234236932754231
LUN008	Non-Small Cell Lung Cancer	Hidden NOP	0.45252358843792123	0.3234236932754231
LUN008	Non-Small Cell Lung Cancer	Hidden NOP	0.4787329639059458	0.3234236932754231
LUN008	Non-Small Cell Lung Cancer	Hidden NOP	0.526958214767111	0.3234236932754231
LUN008	Non-Small Cell Lung Cancer	Hidden NOP	0.6197394039239179	0.3234236932754231
LUN008	Non-Small Cell Lung Cancer	Hidden NOP	0.6434776097049573	0.3234236932754231
LUN008	Non-Small Cell Lung Cancer	Hidden NOP	0.648345065149019	0.3234236932754231
LUN008	Non-Small Cell Lung Cancer	Indel	0.2371948479856223	0.3234236932754231
LUN008	Non-Small Cell Lung Cancer	Indel	0.26377864310319005	0.3234236932754231
LUN008	Non-Small Cell Lung Cancer	Stoploss	0.7961659427886776	0.3234236932754231
LUN009	Non-Small Cell Lung Cancer	Hidden NOP	0.12294851355153334	0.4806339679264747
LUN009	Non-Small Cell Lung Cancer	Hidden NOP	0.2045390603019788	0.4806339679264747
LUN009	Non-Small Cell Lung Cancer	Hidden NOP	0.4806339679264747	0.4806339679264747
LUN009	Non-Small Cell Lung Cancer	Hidden NOP	0.5341836256213073	0.4806339679264747
LUN009	Non-Small Cell Lung Cancer	Hidden NOP	0.5623182969145644	0.4806339679264747
LUN009	Non-Small Cell Lung Cancer	Hidden NOP	0.6688549188783645	0.4806339679264747
LUN009	Non-Small Cell Lung Cancer	Indel	0.2045390603019788	0.4806339679264747
LUN011	Non-Small Cell Lung Cancer	Gene Fusion	0.48940142778693024	0.30532674354750133
LUN011	Non-Small Cell Lung Cancer	Gene Fusion	0.5099395936298737	0.30532674354750133
LUN011	Non-Small Cell Lung Cancer	Gene Fusion	0.5324546952224053	0.30532674354750133
LUN011	Non-Small Cell Lung Cancer	Gene Fusion	0.5614497528830313	0.30532674354750133
LUN011	Non-Small Cell Lung Cancer	Hidden NOP	0.10686436024162548	0.30532674354750133
LUN011	Non-Small Cell Lung Cancer	Hidden NOP	0.1371224601867106	0.30532674354750133
LUN011	Non-Small Cell Lung Cancer	Hidden NOP	0.1515650741350906	0.30532674354750133
LUN011	Non-Small Cell Lung Cancer	Hidden NOP	0.2154859967051071	0.30532674354750133
LUN011	Non-Small Cell Lung Cancer	Hidden NOP	0.22679846238330587	0.30532674354750133
LUN011	Non-Small Cell Lung Cancer	Hidden NOP	0.2811641954969797	0.30532674354750133
LUN011	Non-Small Cell Lung Cancer	Hidden NOP	0.32948929159802304	0.30532674354750133
LUN011	Non-Small Cell Lung Cancer	Hidden NOP	0.43218012081274026	0.30532674354750133
LUN011	Non-Small Cell Lung Cancer	Hidden NOP	0.5527732015376167	0.30532674354750133
LUN011	Non-Small Cell Lung Cancer	Hidden NOP	0.6896210873146623	0.30532674354750133
LUN011	Non-Small Cell Lung Cancer	Hidden NOP	0.9870400878638111	0.30532674354750133
LUN011	Non-Small Cell Lung Cancer	Indel	0.05562877539813289	0.30532674354750133
LUN011	Non-Small Cell Lung Cancer	Indel	0.1371224601867106	0.30532674354750133
LUN011	Non-Small Cell Lung Cancer	Indel	0.19220208676551345	0.30532674354750133
LUN012	Non-Small Cell Lung Cancer	Hidden NOP	0.5108598097289535	0.43398851193681565
LUN012	Non-Small Cell Lung Cancer	Splice	0.3571172141446778	0.43398851193681565
LUN013	Non-Small Cell Lung Cancer	Gene Fusion	0.033382276731732594	0.28329590602867505
LUN013	Non-Small Cell Lung Cancer	Gene Fusion	0.08762307825185697	0.28329590602867505
LUN013	Non-Small Cell Lung Cancer	Gene Fusion	0.15248747624805667	0.28329590602867505
LUN013	Non-Small Cell Lung Cancer	Gene Fusion	0.17671445845569184	0.28329590602867505
LUN013	Non-Small Cell Lung Cancer	Gene Fusion	0.21480393850405943	0.28329590602867505
LUN013	Non-Small Cell Lung Cancer	Gene Fusion	0.44118155121782693	0.28329590602867505
LUN013	Non-Small Cell Lung Cancer	Gene Fusion	0.509241665227155	0.28329590602867505
LUN013	Non-Small Cell Lung Cancer	Hidden NOP	0.033382276731732594	0.28329590602867505
LUN013	Non-Small Cell Lung Cancer	Hidden NOP	0.08762307825185697	0.28329590602867505
LUN013	Non-Small Cell Lung Cancer	Hidden NOP	0.1255830022456383	0.28329590602867505
LUN013	Non-Small Cell Lung Cancer	Hidden NOP	0.15248747624805667	0.28329590602867505
LUN013	Non-Small Cell Lung Cancer	Hidden NOP	0.17671445845569184	0.28329590602867505
LUN013	Non-Small Cell Lung Cancer	Hidden NOP	0.28329590602867505	0.28329590602867505
LUN013	Non-Small Cell Lung Cancer	Hidden NOP	0.4201502850233201	0.28329590602867505
LUN013	Non-Small Cell Lung Cancer	Hidden NOP	0.42364829849714974	0.28329590602867505
LUN013	Non-Small Cell Lung Cancer	Hidden NOP	0.5153307997927103	0.28329590602867505
LUN013	Non-Small Cell Lung Cancer	Hidden NOP	0.6358611159094835	0.28329590602867505
LUN013	Non-Small Cell Lung Cancer	Hidden NOP	0.7044394541371567	0.28329590602867505
LUN013	Non-Small Cell Lung Cancer	Hidden NOP	0.7180428398687165	0.28329590602867505
LUN013	Non-Small Cell Lung Cancer	Hidden NOP	0.7690447400241838	0.28329590602867505
LUN013	Non-Small Cell Lung Cancer	Indel	0.033382276731732594	0.28329590602867505
LUN013	Non-Small Cell Lung Cancer	Indel	0.08762307825185697	0.28329590602867505
LUN013	Non-Small Cell Lung Cancer	Indel	0.15248747624805667	0.28329590602867505
LUN013	Non-Small Cell Lung Cancer	Indel	0.17671445845569184	0.28329590602867505
LUN013	Non-Small Cell Lung Cancer	Indel	0.24537916738642251	0.28329590602867505
LUN013	Non-Small Cell Lung Cancer	Indel	0.26463983416825015	0.28329590602867505
LUN013	Non-Small Cell Lung Cancer	Indel	0.31659181205735015	0.28329590602867505
LUN013	Non-Small Cell Lung Cancer	Indel	0.37899464501641045	0.28329590602867505
LUN013	Non-Small Cell Lung Cancer	Indel	0.40494904128519604	0.28329590602867505
LUN013	Non-Small Cell Lung Cancer	Indel	0.4229573328726896	0.28329590602867505
LUN013	Non-Small Cell Lung Cancer	Indel	0.6607790637415789	0.28329590602867505
LUN013	Non-Small Cell Lung Cancer	Indel	0.6661340473311452	0.28329590602867505
LUN013	Non-Small Cell Lung Cancer	Indel	0.9625151148730351	0.28329590602867505
LUN013	Non-Small Cell Lung Cancer	Splice	0.08762307825185697	0.28329590602867505
LUN013	Non-Small Cell Lung Cancer	Splice	0.31659181205735015	0.28329590602867505
LUN014	Non-Small Cell Lung Cancer	Hidden NOP	0.2409679045538565	0.43849773147370186
LUN014	Non-Small Cell Lung Cancer	Hidden NOP	0.4189211897160141	0.43849773147370186
LUN014	Non-Small Cell Lung Cancer	Hidden NOP	0.5575533523777516	0.43849773147370186
LUN014	Non-Small Cell Lung Cancer	Hidden NOP	0.6258611997983532	0.43849773147370186
LUN014	Non-Small Cell Lung Cancer	Indel	0.05314232902033272	0.43849773147370186
LUN014	Non-Small Cell Lung Cancer	Indel	0.19862208032263484	0.43849773147370186
LUN014	Non-Small Cell Lung Cancer	Indel	0.45807427323138966	0.43849773147370186
LUN014	Non-Small Cell Lung Cancer	Indel	0.8381784574021173	0.43849773147370186
LUN015	Non-Small Cell Lung Cancer	Gene Fusion	0.0654523432404733	0.288362992639523
LUN015	Non-Small Cell Lung Cancer	Gene Fusion	0.7302711264324979	0.288362992639523
LUN015	Non-Small Cell Lung Cancer	Gene Fusion	0.8645299543464082	0.288362992639523
LUN015	Non-Small Cell Lung Cancer	Hidden NOP	0.44470325165377805	0.288362992639523
LUN015	Non-Small Cell Lung Cancer	Hidden NOP	0.7346501444144228	0.288362992639523
LUN015	Non-Small Cell Lung Cancer	Indel	0.030746296468834436	0.288362992639523
LUN015	Non-Small Cell Lung Cancer	Indel	0.042672132674927796	0.288362992639523
LUN015	Non-Small Cell Lung Cancer	Indel	0.0654523432404733	0.288362992639523
LUN015	Non-Small Cell Lung Cancer	Indel	0.08664865368489705	0.288362992639523
LUN015	Non-Small Cell Lung Cancer	Indel	0.288362992639523	0.288362992639523
LUN015	Non-Small Cell Lung Cancer	Indel	0.3539550917730364	0.288362992639523
LUN016	Non-Small Cell Lung Cancer	Gene Fusion	0.1850244167118828	0.45182221016458674
LUN016	Non-Small Cell Lung Cancer	Gene Fusion	0.23250135648399348	0.45182221016458674
LUN016	Non-Small Cell Lung Cancer	Gene Fusion	0.27070898896726353	0.45182221016458674
LUN016	Non-Small Cell Lung Cancer	Gene Fusion	0.35616748055706277	0.45182221016458674
LUN016	Non-Small Cell Lung Cancer	Gene Fusion	0.36733586543678787	0.45182221016458674
LUN016	Non-Small Cell Lung Cancer	Gene Fusion	0.42643335141978655	0.45182221016458674
LUN016	Non-Small Cell Lung Cancer	Gene Fusion	0.5343642611683849	0.45182221016458674
LUN016	Non-Small Cell Lung Cancer	Gene Fusion	0.632799782962561	0.45182221016458674
LUN016	Non-Small Cell Lung Cancer	Gene Fusion	0.7320491951528305	0.45182221016458674
LUN016	Non-Small Cell Lung Cancer	Gene Fusion	0.7469705190812082	0.45182221016458674
LUN016	Non-Small Cell Lung Cancer	Gene Fusion	0.796617833242901	0.45182221016458674
LUN016	Non-Small Cell Lung Cancer	Gene Fusion	0.9089347079037801	0.45182221016458674
LUN016	Non-Small Cell Lung Cancer	Gene Fusion	0.9629227708446374	0.45182221016458674
LUN016	Non-Small Cell Lung Cancer	Hidden NOP	0.11172906493036716	0.45182221016458674
LUN016	Non-Small Cell Lung Cancer	Hidden NOP	0.1850244167118828	0.45182221016458674
LUN016	Non-Small Cell Lung Cancer	Hidden NOP	0.27070898896726353	0.45182221016458674
LUN016	Non-Small Cell Lung Cancer	Hidden NOP	0.35616748055706277	0.45182221016458674
LUN016	Non-Small Cell Lung Cancer	Hidden NOP	0.3811720021703744	0.45182221016458674
LUN016	Non-Small Cell Lung Cancer	Hidden NOP	0.41571712787122445	0.45182221016458674
LUN016	Non-Small Cell Lung Cancer	Hidden NOP	0.44239464640983905	0.45182221016458674
LUN016	Non-Small Cell Lung Cancer	Hidden NOP	0.4612497739193344	0.45182221016458674
LUN016	Non-Small Cell Lung Cancer	Hidden NOP	0.5	0.45182221016458674
LUN016	Non-Small Cell Lung Cancer	Hidden NOP	0.5186290468439139	0.45182221016458674
LUN016	Non-Small Cell Lung Cancer	Hidden NOP	0.632799782962561	0.45182221016458674
LUN016	Non-Small Cell Lung Cancer	Hidden NOP	0.7109784771206367	0.45182221016458674
LUN016	Non-Small Cell Lung Cancer	Hidden NOP	0.8780973051184663	0.45182221016458674
LUN016	Non-Small Cell Lung Cancer	Hidden NOP	0.8915717127871224	0.45182221016458674
LUN016	Non-Small Cell Lung Cancer	Indel	0.42643335141978655	0.45182221016458674
LUN017	Non-Small Cell Lung Cancer	Hidden NOP	0.05457952682126962	0.31927851955961584
LUN017	Non-Small Cell Lung Cancer	Hidden NOP	0.31927851955961584	0.31927851955961584
LUN017	Non-Small Cell Lung Cancer	Hidden NOP	0.511243851018974	0.31927851955961584
LUN017	Non-Small Cell Lung Cancer	Hidden NOP	0.5876083391895057	0.31927851955961584
LUN017	Non-Small Cell Lung Cancer	Indel	0.2362379948465683	0.31927851955961584
LUN018	Non-Small Cell Lung Cancer	Gene Fusion	0.4551006932981182	0.24240673489600528
LUN018	Non-Small Cell Lung Cancer	Hidden NOP	0.0767580059425553	0.24240673489600528
LUN018	Non-Small Cell Lung Cancer	Hidden NOP	0.11913998019148234	0.24240673489600528
LUN018	Non-Small Cell Lung Cancer	Hidden NOP	0.179267084846484	0.24240673489600528
LUN018	Non-Small Cell Lung Cancer	Hidden NOP	0.32783096731594585	0.24240673489600528
LUN018	Non-Small Cell Lung Cancer	Indel	0.11913998019148234	0.24240673489600528
LUN018	Non-Small Cell Lung Cancer	Indel	0.1569825024760647	0.24240673489600528
LUN018	Non-Small Cell Lung Cancer	Indel	0.24240673489600528	0.24240673489600528
LUN018	Non-Small Cell Lung Cancer	Indel	0.4347969626939584	0.24240673489600528
LUN018	Non-Small Cell Lung Cancer	Indel	0.552740178276659	0.24240673489600528
LUN018	Non-Small Cell Lung Cancer	Indel	0.7896170353251898	0.24240673489600528
LUN019	Non-Small Cell Lung Cancer	Hidden NOP	0.11762422360248448	0.7299430641821946
LUN019	Non-Small Cell Lung Cancer	Hidden NOP	0.7299430641821946	0.7299430641821946
LUN019	Non-Small Cell Lung Cancer	Hidden NOP	0.9145962732919255	0.7299430641821946
LUN020	Non-Small Cell Lung Cancer	Gene Fusion	0.4778103176391079	0.4778103176391079
LUN020	Non-Small Cell Lung Cancer	Gene Fusion	0.7039873845460689	0.4778103176391079
LUN020	Non-Small Cell Lung Cancer	Gene Fusion	0.7697679657580536	0.4778103176391079
LUN020	Non-Small Cell Lung Cancer	Hidden NOP	0.45190358188781254	0.4778103176391079
LUN020	Non-Small Cell Lung Cancer	Hidden NOP	0.4994368100923631	0.4778103176391079
LUN020	Non-Small Cell Lung Cancer	Indel	0.06121874296012615	0.4778103176391079
LUN020	Non-Small Cell Lung Cancer	Stoploss	0.06121874296012615	0.4778103176391079
LUN021	Non-Small Cell Lung Cancer	Gene Fusion	0.21655295164639574	0.6540591318105409
LUN021	Non-Small Cell Lung Cancer	Gene Fusion	0.4005735192326708	0.6540591318105409
LUN021	Non-Small Cell Lung Cancer	Gene Fusion	0.45911203401562345	0.6540591318105409
LUN021	Non-Small Cell Lung Cancer	Gene Fusion	0.6444180757440917	0.6540591318105409
LUN021	Non-Small Cell Lung Cancer	Gene Fusion	0.6540591318105409	0.6540591318105409
LUN021	Non-Small Cell Lung Cancer	Gene Fusion	0.6753683377830515	0.6540591318105409
LUN021	Non-Small Cell Lung Cancer	Gene Fusion	0.6976169287056264	0.6540591318105409
LUN021	Non-Small Cell Lung Cancer	Hidden NOP	0.6652823098981508	0.6540591318105409
LUN021	Non-Small Cell Lung Cancer	Hidden NOP	0.6830811826362109	0.6540591318105409
LUN021	Non-Small Cell Lung Cancer	Hidden NOP	0.7403342232769702	0.6540591318105409
LUN021	Non-Small Cell Lung Cancer	Hidden NOP	0.8331355680806882	0.6540591318105409
LUN021	Non-Small Cell Lung Cancer	Indel	0.21655295164639574	0.6540591318105409
LUN021	Non-Small Cell Lung Cancer	Indel	0.5282309898150895	0.6540591318105409
LUN022	Non-Small Cell Lung Cancer	Hidden NOP	0.2632815121351079	0.44312716698355886
LUN022	Non-Small Cell Lung Cancer	Hidden NOP	0.44312716698355886	0.44312716698355886
LUN022	Non-Small Cell Lung Cancer	Hidden NOP	0.5833799351302986	0.44312716698355886
LUN023	Non-Small Cell Lung Cancer	Gene Fusion	0.08322929671244278	0.5350256623664863
LUN023	Non-Small Cell Lung Cancer	Gene Fusion	0.5350256623664863	0.5350256623664863
LUN023	Non-Small Cell Lung Cancer	Hidden NOP	0.691912886669441	0.5350256623664863
LUN024	Non-Small Cell Lung Cancer	Hidden NOP	0.11182075175374306	0.3744110564338813
LUN024	Non-Small Cell Lung Cancer	Hidden NOP	0.36331274212124387	0.3744110564338813
LUN024	Non-Small Cell Lung Cancer	Hidden NOP	0.3855093707465187	0.3744110564338813
LUN024	Non-Small Cell Lung Cancer	Hidden NOP	0.5029839807350016	0.3744110564338813
LUN024	Non-Small Cell Lung Cancer	Hidden NOP	0.5780546539629359	0.3744110564338813
LUN024	Non-Small Cell Lung Cancer	Indel	0.02491885666422364	0.3744110564338813
LUN025	Non-Small Cell Lung Cancer	Gene Fusion	1	1
LUN026	Non-Small Cell Lung Cancer	Gene Fusion	0.03653941497273178	0.2721864154685176
LUN026	Non-Small Cell Lung Cancer	Gene Fusion	0.41903817550818045	0.2721864154685176
LUN026	Non-Small Cell Lung Cancer	Hidden NOP	0.05319781854238969	0.2721864154685176
LUN026	Non-Small Cell Lung Cancer	Hidden NOP	0.17035200793257313	0.2721864154685176
LUN026	Non-Small Cell Lung Cancer	Hidden NOP	0.21566683192860683	0.2721864154685176
LUN026	Non-Small Cell Lung Cancer	Hidden NOP	0.2721864154685176	0.2721864154685176
LUN026	Non-Small Cell Lung Cancer	Hidden NOP	0.3779871095686663	0.2721864154685176
LUN026	Non-Small Cell Lung Cancer	Hidden NOP	0.5810609816559247	0.2721864154685176
LUN026	Non-Small Cell Lung Cancer	Hidden NOP	0.5839365394149727	0.2721864154685176
LUN026	Non-Small Cell Lung Cancer	Indel	0.03653941497273178	0.2721864154685176
LUN026	Non-Small Cell Lung Cancer	Indel	0.4068418443232524	0.2721864154685176
LUN026	Non-Small Cell Lung Cancer	Indel	0.6363906792265741	0.2721864154685176
LUN026	Non-Small Cell Lung Cancer	Stoploss	0.05319781854238969	0.2721864154685176
LUN027	Non-Small Cell Lung Cancer	Gene Fusion	0.9121246992363218	0.6775813369599331
LUN027	Non-Small Cell Lung Cancer	Indel	0.4430379746835443	0.6775813369599331
LUN028	Non-Small Cell Lung Cancer	Gene Fusion	0.7074029463541184	0.4534883720930233
LUN028	Non-Small Cell Lung Cancer	Hidden NOP	0.1696469934216622	0.4534883720930233
LUN028	Non-Small Cell Lung Cancer	Hidden NOP	0.49976836838691746	0.4534883720930233
LUN028	Non-Small Cell Lung Cancer	Indel	0.40720837579912905	0.4534883720930233
LUN029	Non-Small Cell Lung Cancer	Hidden NOP	0.05480720660043779	0.3708115844418252
LUN029	Non-Small Cell Lung Cancer	Hidden NOP	0.0914716282202391	0.3708115844418252
LUN029	Non-Small Cell Lung Cancer	Hidden NOP	0.12939888870180166	0.3708115844418252
LUN029	Non-Small Cell Lung Cancer	Hidden NOP	0.14497390133019028	0.3708115844418252
LUN029	Non-Small Cell Lung Cancer	Hidden NOP	0.16189594207779087	0.3708115844418252
LUN029	Non-Small Cell Lung Cancer	Hidden NOP	0.2069792894426671	0.3708115844418252
LUN029	Non-Small Cell Lung Cancer	Hidden NOP	0.3321266206432059	0.3708115844418252
LUN029	Non-Small Cell Lung Cancer	Hidden NOP	0.45933658865128807	0.3708115844418252
LUN029	Non-Small Cell Lung Cancer	Hidden NOP	0.49200202054217884	0.3708115844418252
LUN029	Non-Small Cell Lung Cancer	Hidden NOP	0.5735814110119549	0.3708115844418252
LUN029	Non-Small Cell Lung Cancer	Hidden NOP	0.7864960431048998	0.3708115844418252
LUN029	Non-Small Cell Lung Cancer	Indel	0.4094965482404445	0.3708115844418252
LUN029	Non-Small Cell Lung Cancer	Indel	0.7325307290789695	0.3708115844418252
LUN029	Non-Small Cell Lung Cancer	Splice	0.5875568277487793	0.3708115844418252
PAN001	Pancreas	Gene Fusion	0.15293542809892505	0.3253777343456363
PAN001	Pancreas	Gene Fusion	0.24783883334586185	0.3253777343456363
PAN001	Pancreas	Gene Fusion	0.30087198376306096	0.3253777343456363
PAN001	Pancreas	Gene Fusion	0.3498834849282117	0.3253777343456363
PAN001	Pancreas	Gene Fusion	0.43230850184168984	0.3253777343456363
PAN001	Pancreas	Hidden NOP	0.15293542809892505	0.3253777343456363
PAN001	Pancreas	Hidden NOP	0.24783883334586185	0.3253777343456363
PAN001	Pancreas	Hidden NOP	0.3007592272419755	0.3253777343456363
PAN001	Pancreas	Hidden NOP	0.30087198376306096	0.3253777343456363
PAN001	Pancreas	Hidden NOP	0.3498834849282117	0.3253777343456363
PAN001	Pancreas	Hidden NOP	0.3804780876494024	0.3253777343456363
PAN001	Pancreas	Hidden NOP	0.4322333308276329	0.3253777343456363
PAN001	Pancreas	Hidden NOP	0.5717507329173871	0.3253777343456363
PAN001	Pancreas	Indel	0.4114861309479065	0.3253777343456363
PAN004	Pancreas	Gene Fusion	0.16338693354323625	0.5217586866074441
PAN004	Pancreas	Gene Fusion	0.2208478578657371	0.5217586866074441
PAN004	Pancreas	Gene Fusion	0.4232542449117283	0.5217586866074441
PAN004	Pancreas	Gene Fusion	0.5217586866074441	0.5217586866074441
PAN004	Pancreas	Gene Fusion	0.5882154503542112	0.5217586866074441
PAN004	Pancreas	Gene Fusion	0.6588327898347015	0.5217586866074441
PAN004	Pancreas	Hidden NOP	0.8083886202631283	0.5217586866074441
PAN005	Pancreas	Gene Fusion	0.22322843558976682	0.4538714059316278
PAN005	Pancreas	Gene Fusion	0.3139008376726285	0.4538714059316278
PAN005	Pancreas	Gene Fusion	0.37944306090106406	0.4538714059316278
PAN005	Pancreas	Gene Fusion	0.41328956305184517	0.4538714059316278
PAN005	Pancreas	Gene Fusion	0.4401177269640027	0.4538714059316278
PAN005	Pancreas	Gene Fusion	0.46762508489925286	0.4538714059316278
PAN005	Pancreas	Gene Fusion	0.48783110708625765	0.4538714059316278
PAN005	Pancreas	Gene Fusion	0.5064523432193797	0.4538714059316278
PAN005	Pancreas	Gene Fusion	0.5239981888159384	0.4538714059316278
PAN005	Pancreas	Gene Fusion	0.5446004075164138	0.4538714059316278
PAN005	Pancreas	Gene Fusion	0.7665836540638442	0.4538714059316278
PAN005	Pancreas	Hidden NOP	0.22322843558976682	0.4538714059316278
PAN005	Pancreas	Hidden NOP	0.3139008376726285	0.4538714059316278
PAN005	Pancreas	Indel	0.48783110708625765	0.4538714059316278
PAN006	Pancreas	Hidden NOP	0.24139790745334916	0.24139790745334916
PAN007	Pancreas	Hidden NOP	0.13312488156149327	0.3528046238393026
PAN007	Pancreas	Hidden NOP	0.1985976880803487	0.3528046238393026
PAN007	Pancreas	Hidden NOP	0.3394921356831533	0.3528046238393026
PAN007	Pancreas	Hidden NOP	0.36611711199545194	0.3528046238393026
PAN007	Pancreas	Hidden NOP	0.5171498957741141	0.3528046238393026
PAN007	Pancreas	Hidden NOP	0.5416903543680122	0.3528046238393026
PAN008	Pancreas	Hidden NOP	0.18029878618113912	0.22439309056956114
PAN008	Pancreas	Hidden NOP	0.2684873949579832	0.22439309056956114
