frame_class	vaf	tpm	frame_length
Hidden Frame	0.3528333333333333	0.950406821640003	5
Gene Fusion	0.3571666666666666	1.900813643280006	19
Hidden Frame	0.1139999999999999	14.61862863800912	10
Hidden Frame	0.2405	7.13295016653528	16
Hidden Frame	0.1475	0.9210127962284566	23
Hidden Frame	0.1475	0.2253541948218563	97
Hidden Frame	0.1139999999999999	6.809615887008269	73
Gene Fusion	0.3571666666666666	2.096773812690316	14
Gene Fusion	0.0875	0.0489900423525774	15
Hidden Frame	0.2405	0.0097980084705154	9
Hidden Frame	0.2405	0.0097980084705154	40
Hidden Frame	0.461	0.89161877081691	7
Gene Fusion	0.3375	0.989598855522065	6
Hidden Frame	0.103	0.8230327115233016	3
Gene Fusion	0.0885	0.3135362710564958	4
Gene Fusion	0.2038333333333333	2.3130329036778337	57
Hidden Frame	0.3365	16.170578246247715	3
Hidden Frame	0.5465	0.0103260397485617	63
Hidden Frame	0.2684999999999999	0.7847790208906936	59
Gene Fusion	0.22	17.926005003503214	39
Hidden Frame	0.4265	1.363037246810152	4
Gene Fusion	0.1295	12.277661261039931	10
Hidden Frame	0.1513333333333333	1.2907549685702198	30
Gene Fusion	0.23475	0.6298884246622672	8
Hidden Frame	0.1298333333333333	0.980973776113367	35
Gene Fusion	0.1845	0.041304158994247	6
Hidden Frame	0.2455	10.739081338504228	14
Hidden Frame	0.2339999999999999	5.431496907743485	5
Hidden Frame	0.1513333333333333	1.4146674455529609	71
Hidden Frame	0.1513333333333333	5.431496907743485	72
Gene Fusion	0.3135	0.71249674265076135	31
Hidden Frame	0.2035	0.0103260397485617	33
Hidden Frame	0.20225	0.0929343577370558	25
Hidden Frame	0.3339999999999999	3.4075931170253804	27
Gene Fusion	0.1312	1.7037965585126902	4
Gene Fusion	0.120375	1.9103173534839253	17
Hidden Frame	0.2685	0.6918446631536378	31
Hidden Frame	0.103	1.8483611149925547	42
Hidden Frame	0.147	0.0103260397485617	6
Hidden Frame	0.2045	1.2494508095759729	43
Gene Fusion	0.2975	4.1510679789218266	13
Gene Fusion	0.225	5.607039583469034	4
Gene Fusion	0.254	0.0103260397485617	31
Hidden Frame	0.102	0.2065207949712351	12
Hidden Frame	0.2515	1.579884081529949	2
Hidden Frame	0.138	0.0103260397485617	49
Gene Fusion	0.0735	0.9603216966162436	7
Hidden Frame	0.1513333333333333	2.2717287446835868	109
Hidden Frame	0.3425	0.6608665439079525	13
Hidden Frame	0.263	1.4766236840443314	7
Gene Fusion	0.1669999999999999	4.202698177664636	31
Gene Fusion	0.3535	1.3527112070615903	2
Hidden Frame	0.3199999999999999	125.00703719608865	38
Hidden Frame	0.11	1.9309694329810487	6
Hidden Frame	0.1675	4.419545012384432	2
Gene Fusion	0.1669999999999999	1.104886253096108	3
Gene Fusion	0.192	1.3733632865587138	29
Gene Fusion	0.1535	2.2407506254379017	5
Gene Fusion	0.225	1.5592320020328254	5
Hidden Frame	0.3175	0.8777133786277495	42
Gene Fusion	0.254	5.338562550006429	17
Hidden Frame	0.2585	1.063582094101861	4
Hidden Frame	0.1475	0.4956499079309644	31
Hidden Frame	0.5525	1.4972757635414549	17
Gene Fusion	0.550625	1.455971604547208	11
Gene Fusion	0.53825	4.305958575150253	25
Gene Fusion	0.1526666666666667	1.404341405804399	2
Hidden Frame	0.2515	1.9929256714724195	29
Hidden Frame	0.3095	0.4646717886852791	24
Hidden Frame	0.277	1.187494571084602	23
Hidden Frame	0.277	1.621188240524196	27
Gene Fusion	0.1939999999999999	0.0206520794971235	2
Hidden Frame	0.352	0.9706477363648052	21
Hidden Frame	0.499	0.041304158994247	32
Gene Fusion	0.196	1.8483611149925547	30
Gene Fusion	0.196	3.4179191567739418	29
Gene Fusion	0.196	1.9206433932324871	30
Hidden Frame	0.431	1.0842341735989849	11
Hidden Frame	0.4285	0.0103260397485617	11
Hidden Frame	0.11	0.0103260397485617	11
Hidden Frame	0.3425	1.9825996317238577	4
Hidden Frame	0.3365	5.101063635789509	24
Hidden Frame	0.4705	1.0016258556104904	43
Gene Fusion	0.1535	2.788030732111675	57
Hidden Frame	0.102	0.0516301987428087	19
Hidden Frame	0.20225	2.2407506254379017	20
Hidden Frame	0.3365	7.001054949524872	13
Gene Fusion	0.157	0.640214464410829	11
Gene Fusion	0.24375	0.299455152708291	58
Gene Fusion	0.2038333333333333	1.0222779351076141	1
Gene Fusion	0.254	4.481501250875803	34
Hidden Frame	0.249	2.9738994475857865	39
Gene Fusion	0.196	2.261402704935025	10
Hidden Frame	0.192	1.1771685313360405	18
Hidden Frame	0.1895	1.6108622007756344	27
Gene Fusion	0.081	1.404341405804399	35
Gene Fusion	0.3265	6.0510592926571904	6
Gene Fusion	0.2071666666666667	1.0945602133475465	1
Gene Fusion	0.216	0.0103260397485617	17
Gene Fusion	0.254	1.745100717506937	25
Hidden Frame	0.228	0.7951050606392553	21
Gene Fusion	0.0525	1.9309694329810487	20
Gene Fusion	0.177	1.6418403200213196	19
Gene Fusion	0.23475	2.529879738397631	6
Hidden Frame	0.16	1.1565164518389168	15
Gene Fusion	0.103	1.4353195250500843	9
Gene Fusion	0.1405	0.0206520794971235	5
Gene Fusion	0.2935	46.6323955045049	36
Gene Fusion	0.23475	1.3836893263072756	17
Hidden Frame	0.138	1.3320591275644669	12
Hidden Frame	0.354	3.2940066797912007	11
Hidden Frame	0.1915	2.3336849831749573	36
Gene Fusion	0.1669999999999999	0.1032603974856175	9
Indel	0.7948	0.082608317988494	19
Gene Fusion	0.19	6.102689491399999	2
Gene Fusion	0.156	1.807056955998308	1
Gene Fusion	0.4024999999999999	2.2717287446835868	5
Gene Fusion	0.196	1.0532560543532994	33
Hidden Frame	0.499	0.898365458124873	8
Hidden Frame	0.3265	3.459223315768189	13
Gene Fusion	0.3585	5.431496907743485	1
Hidden Frame	0.1465	1.6831444790155663	61
Gene Fusion	0.19	1.445645564798646	31
Gene Fusion	0.30775	0.93966961711912	12
Gene Fusion	0.034	0.0619562384913705	12
Hidden Frame	0.5525	1.3114070480673432	3
Gene Fusion	0.2855	14.843625175811486	37
Indel	0.3305	0.2951507905712309	4
Gene Fusion	0.2855	5.558673222424849	3
Hidden Frame	0.484	0.0245958992142692	16
Gene Fusion	0.494	0.0916735466135507	2
Hidden Frame	0.4489999999999999	9.149019952032367	48
Hidden Frame	0.186	0.0366694186454203	29
Gene Fusion	0.492	75.42899415362957	18
Hidden Frame	0.3309999999999999	1.118417268685319	41
Indel	1.1751	0.0183347093227101	4
Hidden Frame	0.3249999999999999	1.320099071235131	50
Hidden Frame	0.5685	1.2467602339442905	18
Hidden Frame	0.3249999999999999	1.686793257689334	3
Gene Fusion	0.317	3.776950120478292	18
Gene Fusion	0.494	0.0183347093227101	26
Hidden Frame	0.122	3.336917096733248	101
Hidden Frame	0.3762999999999999	1.796801513625595	37
Gene Fusion	0.3435	1.6134544203984935	8
Hidden Frame	0.5685	8.617313381673773	68
Hidden Frame	0.9335	0.7883925008765366	53
Hidden Frame	0.4925	1.558450292430363	11
Hidden Frame	0.9335	3.1352352941834365	23
Hidden Frame	0.4925	0.5683759890040146	70
Hidden Frame	0.4489999999999999	1.8884750602391456	6
Gene Fusion	0.494	0.5317065703585945	36
Indel	1.0245	0.8067272101992468	12
Gene Fusion	0.3195	1.9434791882072764	26
Indel	0.9326	0.0352452221576843	1
Hidden Frame	0.3355	0.4934331102075802	65
Hidden Frame	0.4515	0.2643391661826322	19
Gene Fusion	0.3279999999999999	0.1409808886307372	6
Indel	0.9326	0.17622611078842149	18
Hidden Frame	0.4165	13.146467864816245	25
Hidden Frame	0.2595	0.5463009434441067	34
Hidden Frame	0.3369999999999999	2.6081464396686385	105
Hidden Frame	0.485	2.5729012175109545	1
Gene Fusion	0.149	0.70490444315368606	1
Gene Fusion	0.286	1.4450541084650566	16
Gene Fusion	0.3279999999999999	0.7401496653113704	46
Hidden Frame	0.4519999999999999	0.4229426658922116	43
Hidden Frame	0.316	0.3172069994191587	17
Indel	0.3381	0.0352452221576843	56
Indel	0.3381	0.0704904443153686	43
Indel	0.9326	2.2204489959341114	16
Gene Fusion	0.412	0.5815461656017911	19
Gene Fusion	0.206	0.6167913877594753	20
Gene Fusion	0.4205	1.7093932746476888	18
Hidden Frame	0.3495	0.17622611078842149	15
Hidden Frame	0.4515	0.2819617772614744	8
Hidden Frame	0.4515	14.23906975170446	5
Gene Fusion	0.4615	1.5331671638592672	2
Hidden Frame	0.4565	0.0176226110788421	22
Indel	1.1685	6.819950487511913	9
Indel	0.3381	0.0176226110788421	2
Indel	0.9834	62.401665830180065	63
Gene Fusion	0.569	0.2114713329461058	6
Hidden Frame	0.4165	0.5286783323652645	4
Hidden Frame	0.633	0.0704904443153686	31
Hidden Frame	0.3245	0.4229426658922116	1
Hidden Frame	0.4515	0.5110557212864224	160
Hidden Frame	0.247	0.2290939440249479	8
Gene Fusion	0.31925	9.868662204151605	29
Indel	0.3381	0.0352452221576843	18
Gene Fusion	0.6635	0.7069176423897425	62
Hidden Frame	0.2265	0.4990006887457006	2
Gene Fusion	0.329	0.7485010331185509	16
Hidden Frame	0.26	0.5821674702033174	6
Hidden Frame	0.1555	5.738507920575557	121
Gene Fusion	0.10635	9.66813834444795	27
Hidden Frame	0.3865	1.081168158949018	4
Hidden Frame	0.2255	0.748501033118551	33
Hidden Frame	0.26	0.7900844238473593	6
Hidden Frame	0.383	1.1007243630318195	24
Hidden Frame	0.3245	0.1657004417467255	15
Hidden Frame	0.4285	12.226325451740534	3
Hidden Frame	0.2225	2.5565211012351936	6
Hidden Frame	0.2694999999999999	0.0946859667124145	29
Gene Fusion	0.27475	0.2130434251029328	47
Gene Fusion	0.27475	0.13019320422957	101
Gene Fusion	0.27475	0.4497583418839693	65
Gene Fusion	0.27475	0.5562800544354357	48
Gene Fusion	0.27475	0.2248791709419846	97
Hidden Frame	0.2239999999999999	0.201207679263881	27
Hidden Frame	0.5705	3.0772939181534738	4
Hidden Frame	0.186	0.201207679263881	60
Hidden Frame	0.293	0.0828502208733627	5
Hidden Frame	0.3245	0.1775361875857773	10
Gene Fusion	0.7104999999999999	2.284298946937002	46
Hidden Frame	0.07325	0.3550723751715547	15
Hidden Frame	0.201	5.349757119251424	28
Gene Fusion	0.22575	0.4971013252401766	33
Indel	0.1664	0.0118357458390518	23
Hidden Frame	0.308	0.0355072375171554	37
Hidden Frame	0.308	1.2427533131004411	39
Hidden Frame	0.308	0.0710144750343109	35
Hidden Frame	0.308	0.0828502208733627	46
Hidden Frame	0.188	0.0710144750343109	35
Indel	0.1999	0.2248791709419846	58
Hidden Frame	0.201	0.0828502208733627	98
Hidden Frame	0.201	0.1420289500686218	104
Hidden Frame	0.201	0.0710144750343109	53
Hidden Frame	0.201	0.7929949712164721	41
Gene Fusion	0.258	0.1065217125514664	74
Gene Fusion	0.397	0.0118357458390518	10
Hidden Frame	0.186	0.0473429833562072	59
Hidden Frame	0.123	1.88188358840924	15
Hidden Frame	0.383	1.1954103297442342	10
Hidden Frame	0.188	0.6272945294697466	35
Hidden Frame	0.2009999999999999	31.636948627785525	16
Gene Fusion	0.0415	3.751931430979428	27
Gene Fusion	0.7104999999999999	0.201207679263881	70
Hidden Frame	0.188	0.2958936459762956	40
Hidden Frame	0.418	0.2603864084591401	8
Gene Fusion	0.7104999999999999	2.3553134219713128	15
Hidden Frame	0.1465	0.4379225960449174	10
Hidden Frame	0.2009999999999999	5.51545756099815	36
Hidden Frame	0.186	1.1125601088708714	35
Hidden Frame	0.2694999999999999	0.7101447503431094	8
Gene Fusion	0.7104999999999999	2.828743255533386	9
Hidden Frame	0.1465	0.5089370710792284	38
Hidden Frame	0.1465	0.1538646959076737	6
Gene Fusion	0.7104999999999999	4.166182535346242	21
Hidden Frame	0.3935	0.0946859667124145	3
Hidden Frame	0.418	0.0473429833562072	4
Gene Fusion	0.7104999999999999	4.201689772863397	63
Gene Fusion	0.243	0.1538646959076737	19
Hidden Frame	0.123	0.0946859667124145	28
Gene Fusion	0.243	0.0355072375171554	14
Hidden Frame	0.1465	0.4615940877230211	20
Hidden Frame	0.5705	22.33405239829079	1
Hidden Frame	0.123	0.532608562757332	4
Hidden Frame	0.2694999999999999	0.1065217125514664	25
Hidden Frame	0.3245	0.4734298335620729	53
Gene Fusion	0.22575	0.0355072375171554	10
Hidden Frame	0.3245	0.7811592253774203	52
Gene Fusion	0.22575	0.1183574583905182	19
Gene Fusion	0.3855	0.0231762165850813	16
Hidden Frame	0.65	1.52963029461537	80
Hidden Frame	0.2625	0.9734010965734172	53
Gene Fusion	0.2734999999999999	1.6918638107109394	7
Hidden Frame	0.3095	52.65636408130486	6
Gene Fusion	0.261	2.4335027414335437	16
Gene Fusion	0.4275	2.4335027414335437	3
Hidden Frame	0.4405	0.0507924124262621	19
Gene Fusion	0.4095	0.3174525776641382	30
Gene Fusion	0.5935	0.5333203304757522	99
Gene Fusion	0.237	1.028546351631808	35
Gene Fusion	0.237	0.025396206213131	44
Gene Fusion	0.514	0.0761886186393931	3
Indel	0.2472	0.1396791341722208	4
Hidden Frame	0.223	0.0380943093196965	6
Hidden Frame	0.3994999999999999	0.3301506807707037	7
Indel	0.9808	0.025396206213131	7
Gene Fusion	0.3512499999999999	0.4444336087297934	10
Hidden Frame	0.4385	0.025396206213131	66
Hidden Frame	0.6995	0.2031696497050484	22
Indel	0.9808	0.025396206213131	20
Hidden Frame	0.3994999999999999	5.891919841446406	16
Hidden Frame	0.449	0.2031696497050484	10
Hidden Frame	0.74	0.025396206213131	26
Gene Fusion	0.514	0.1904715465984829	56
Hidden Frame	0.5845	0.025396206213131	15
Hidden Frame	0.5965	0.0380943093196965	10
Hidden Frame	0.6995	0.025396206213131	42
Indel	0.4578	0.0888867217459587	2
Hidden Frame	0.223	1.6253571976403878	3
Hidden Frame	0.5845	0.0126981031065655	24
Hidden Frame	0.5845	0.0380943093196965	53
Hidden Frame	0.6995	0.1269810310656552	22
Hidden Frame	0.548	4.406241777978239	10
Hidden Frame	0.0225	0.0126981031065655	9
Gene Fusion	0.4095	0.1650753403853518	1
Gene Fusion	0.375	2.2258870634124346	41
Gene Fusion	0.375	3.056675896939611	7
Indel	0.4042	0.0470257830298401	41
Indel	0.4042	0.0313505220198934	31
Indel	0.305	0.0156752610099467	33
Indel	0.2786	2.1475107583627007	16
Hidden Frame	0.275	1.6459024060444056	33
Hidden Frame	0.305	0.0469163479639149	20
Gene Fusion	1.01225	0.1642072178737023	9
Hidden Frame	0.491	0.8713996341705899	22
Gene Fusion	0.2778333333333333	3.48559853668236	92
Indel	0.4508	2.931071496755621	12
Indel	0.4508	2.6934170510727324	44
Indel	0.4508	8959.334947799201	13
Hidden Frame	0.2234999999999999	0.0792181485609627	62
Hidden Frame	0.2234999999999999	0.0792181485609627	42
Hidden Frame	0.0715	0.0792181485609627	4
Hidden Frame	0.4679999999999999	0.1584362971219254	4
Gene Fusion	0.2535	1.0298359312925154	4
Gene Fusion	0.694	2.2973263082679187	32
Hidden Frame	0.0595	0.2376544456828881	9
Hidden Frame	0.512	0.0792181485609627	4
Gene Fusion	0.423	0.1584362971219254	1
Gene Fusion	0.0826666666666666	0.0792181485609627	62
Gene Fusion	0.0826666666666666	0.1584362971219254	124
Indel	0.8229	0.0792181485609627	60
Hidden Frame	0.0805	0.23765444568288807	39
Hidden Frame	0.0615	0.0792181485609627	36
Gene Fusion	0.191	0.3960907428048136	3
Hidden Frame	0.2778333333333333	0.0792181485609627	6
Gene Fusion	0.963	18.29939231758239	39
Gene Fusion	0.694	36.83643908084767	22
Gene Fusion	0.3545	2.0262745240094517	11
Indel	0.6227	0.2132920551588895	3
Indel	0.6227	0.3554867585981493	14
Indel	0.6227	0.1066460275794448	20
Gene Fusion	0.359	0.2743006738607504	19
Hidden Frame	0.3285333333333332	0.1371503369303752	42
Hidden Frame	0.3815	0.2057255053955628	38
Hidden Frame	0.288	2.605856401677129	1
Gene Fusion	0.303	0.5486013477215009	27
Hidden Frame	0.288	2.1944053908860037	15
Gene Fusion	0.4225	0.342875842325938	4
Hidden Frame	0.2188333333333333	0.5486013477215009	38
Gene Fusion	0.4225	2.125830222420816	1
Hidden Frame	0.2204999999999999	0.5486013477215009	58
Hidden Frame	0.2188333333333333	5.143137634889071	57
Hidden Frame	0.2204999999999999	0.7543268531170637	65
Hidden Frame	0.2204999999999999	0.1371503369303752	38
Hidden Frame	0.2204999999999999	0.342875842325938	41
Hidden Frame	0.2188333333333333	1.5086537062341274	52
Gene Fusion	0.359	0.4800261792563132	56
Hidden Frame	0.2465	0.0685751684651876	11
Gene Fusion	0.4225	0.6857516846518761	7
Hidden Frame	0.3298709677419355	0.5486013477215009	12
Gene Fusion	0.9175	3.9087846025156936	8
Gene Fusion	0.3475	0.342875842325938	18
Gene Fusion	0.9175	0.0685751684651876	69
Hidden Frame	0.3815	0.342875842325938	87
Hidden Frame	0.3815	0.2057255053955628	13
Gene Fusion	0.9175	0.4800261792563132	15
Gene Fusion	0.4225	1.097202695443002	28
Hidden Frame	0.3222	1.577228874699315	15
Hidden Frame	0.2465	1.920104717025253	37
Hidden Frame	0.2822096774193548	2.537281233211941	2
Hidden Frame	0.2188333333333333	0.891477190047439	13
Gene Fusion	0.9175	1.6458040431645027	44
Hidden Frame	0.2188333333333333	24.549910310537165	3
Gene Fusion	0.9175	0.1371503369303752	63
Hidden Frame	0.3815	0.2743006738607504	9
Hidden Frame	0.202	1.1596015858711288	9
Gene Fusion	0.4235	0.1784002439801736	16
Gene Fusion	0.0931153846153846	19.534826715829016	25
Hidden Frame	0.202	8.474011589058248	1
Gene Fusion	0.140875	0.0892001219900868	22
Hidden Frame	0.6375	0.3568004879603473	32
Gene Fusion	0.3715	0.8028010979107815	17
Gene Fusion	0.312	0.5352007319405209	94
Gene Fusion	0.4235	0.2676003659702605	27
Hidden Frame	0.088	0.0892001219900868	9
Gene Fusion	0.6699999999999999	1.605602195821563	12
Hidden Frame	0.202	3.3004045136332127	24
Hidden Frame	0.258	0.0892001219900868	32
Gene Fusion	0.1415624999999999	1.784002439801737	5
Hidden Frame	0.067	0.0892001219900868	3
Hidden Frame	0.0555	0.4460006099504341	17
Gene Fusion	0.352	0.8028010979107815	13
Hidden Frame	0.477	0.0892001219900868	26
Gene Fusion	0.4235	4.281605855524168	12
Hidden Frame	0.0538333333333333	0.0892001219900868	31
Gene Fusion	0.049	0.9812013418909552	1
Hidden Frame	0.0525	2.5868035377125183	5
Gene Fusion	0.2355	2.051602805771997	6
Gene Fusion	0.352	0.3568004879603473	64
Gene Fusion	0.352	3.65720500159356	61
Gene Fusion	0.352	1.9624026837819104	106
Gene Fusion	0.352	1.8732025617918235	109
Gene Fusion	0.352	0.6244008539306078	133
Gene Fusion	0.352	2.676003659702605	149
Gene Fusion	0.352	0.7136009759206947	152
Gene Fusion	0.352	0.535200731940521	176
Gene Fusion	0.352	0.1784002439801736	164
Gene Fusion	0.352	0.8028010979107815	170
Gene Fusion	0.352	3.5680048796034733	112
Gene Fusion	0.4235	1.2488017078612157	17
Hidden Frame	0.0857307692307692	0.8028010979107815	7
Gene Fusion	0.311	0.6244008539306078	23
Hidden Frame	0.0555	0.4460006099504341	53
Hidden Frame	0.041	0.3568004879603473	10
Hidden Frame	0.175	0.1784002439801736	35
Hidden Frame	0.5309999999999999	0.0892001219900868	29
Gene Fusion	0.4235	0.4460006099504341	7
Hidden Frame	0.088	0.0892001219900868	24
Hidden Frame	0.0555	0.3568004879603473	9
Hidden Frame	0.258	0.3568004879603473	1
Hidden Frame	0.0555	0.0892001219900868	38
Gene Fusion	0.352	3.3896046356233	18
Gene Fusion	0.352	0.2676003659702605	48
Gene Fusion	0.352	0.2676003659702605	88
Gene Fusion	0.352	0.2676003659702605	91
Gene Fusion	0.352	0.4460006099504341	51
Gene Fusion	0.0931153846153846	3.5680048796034733	12
Gene Fusion	0.4235	0.0892001219900868	2
Gene Fusion	0.0931153846153846	0.8028010979107815	27
Gene Fusion	0.0931153846153846	2.5868035377125183	63
Gene Fusion	0.4235	6.333208661296165	14
Gene Fusion	0.0931153846153846	0.8028010979107815	28
Hidden Frame	0.0964999999999999	5.1736070754250365	70
Hidden Frame	0.0965	0.1784002439801736	49
Hidden Frame	0.0964999999999999	4.460006099504342	36
Hidden Frame	0.44325	0.0693000116701219	22
Hidden Frame	0.50375	1.2474002100621957	24
Gene Fusion	0.4635	8.385301412084758	10
Gene Fusion	0.4635	0.2079000350103658	49
Gene Fusion	0.3203333333333333	0.6237001050310977	21
Gene Fusion	0.552	0.0693000116701219	8
Gene Fusion	0.5605	0.1386000233402439	32
Gene Fusion	0.4635	0.8316001400414635	2
Gene Fusion	0.473	0.0693000116701219	4
Gene Fusion	0.3435	1.0395001750518296	23
Gene Fusion	0.3435	0.2079000350103658	51
Gene Fusion	0.3203333333333333	0.1386000233402439	69
Hidden Frame	0.281	0.0693000116701219	70
Gene Fusion	0.5605	0.2079000350103658	25
Gene Fusion	0.612	1.1088001867219517	6
Hidden Frame	0.3309999999999999	0.7623001283713415	30
Indel	1.0663	0.0693000116701219	15
Gene Fusion	0.403	0.0693000116701219	10
Gene Fusion	0.3203333333333333	0.2079000350103658	64
Hidden Frame	0.50375	0.4158000700207317	22
Hidden Frame	0.051	0.054648260840958	10
Hidden Frame	0.41325	0.027324130420479	58
Gene Fusion	0.4425	0.2459171737843111	5
Hidden Frame	0.4925	0.32788956504574807	1
Hidden Frame	0.319	0.6011308692505384	24
Gene Fusion	0.319	0.1912689129433531	23
Hidden Frame	0.319	0.054648260840958	17
Hidden Frame	0.3485	0.054648260840958	10
Gene Fusion	0.319	4.535805649799517	22
Gene Fusion	0.319	3.5521369546622727	12
Hidden Frame	0.5609999999999999	0.027324130420479	28
Hidden Frame	0.3188333333333333	1.3662065210239511	20
Hidden Frame	0.3188333333333333	0.3278895650457482	52
Hidden Frame	0.3188333333333333	0.2185930433638321	55
Hidden Frame	0.3188333333333333	0.9290204342962868	30
Hidden Frame	0.3188333333333333	0.9290204342962868	66
Gene Fusion	0.319	25.438765421465966	14
Hidden Frame	0.5395	0.027324130420479	2
Hidden Frame	0.3188333333333333	0.8743721734553287	48
Hidden Frame	0.3971666666666666	2.595792389945507	1
Gene Fusion	0.319	0.3005654346252692	5
Hidden Frame	0.3188333333333333	0.7377515213529335	17
Gene Fusion	0.304	0.4645102171481433	2
Hidden Frame	0.319	3.3608680417189194	20
Hidden Frame	0.319	0.6831032605119755	12
Hidden Frame	0.319	2.486495868263591	44
Gene Fusion	0.33475	0.1366206521023951	153
Hidden Frame	0.3188333333333333	0.027324130420479	5
Hidden Frame	0.3485	0.109296521681916	29
Hidden Frame	0.3485	0.1639447825228741	55
Gene Fusion	0.322	0.054648260840958	12
Indel	0.5081	0.027324130420479	25
Indel	0.5081	0.054648260840958	23
Hidden Frame	0.5395	0.1366206521023951	10
Gene Fusion	0.322	0.1366206521023951	5
Hidden Frame	0.319	0.027324130420479	11
Hidden Frame	0.37325	0.1366206521023951	3
Hidden Frame	0.3188333333333333	0.2185930433638321	2
Hidden Frame	0.319	0.054648260840958	86
Hidden Frame	0.319	2.896357824570776	97
Hidden Frame	0.319	2.2405786944792796	4
Gene Fusion	0.322	0.081972391261437	90
Hidden Frame	0.319	0.027324130420479	23
Hidden Frame	0.41325	1.9946615206949685	37
Gene Fusion	0.322	0.6831032605119755	1
Hidden Frame	0.3188333333333333	0.1912689129433531	34
Hidden Frame	0.3188333333333333	0.027324130420479	37
Hidden Frame	0.3055	0.081972391261437	19
Hidden Frame	0.3188333333333333	0.054648260840958	6
Hidden Frame	0.319	1.639447825228741	8
Hidden Frame	0.3188333333333333	0.3278895650457482	4
Indel	0.5543	0.4918343475686224	29
Hidden Frame	0.3188333333333333	3.4155163025598774	2
Gene Fusion	0.319	28.17117846351387	18
Hidden Frame	0.319	0.027324130420479	18
Gene Fusion	0.319	1.5574754339673045	15
Hidden Frame	0.6867500000000001	0.027324130420479	24
Gene Fusion	0.319	0.2185930433638321	37
Hidden Frame	0.509	0.054648260840958	36
Hidden Frame	0.319	1.1749376080805978	32
Hidden Frame	0.319	0.3005654346252691	35
Hidden Frame	0.319	0.6831032605119755	53
Hidden Frame	0.319	0.5464826084095802	57
Hidden Frame	0.3971666666666666	1.9673373902744895	35
Hidden Frame	0.5573571428571429	0.38253782588670626	53
Hidden Frame	0.5568571428571428	0.027324130420479	56
Hidden Frame	0.5561428571428572	0.5191584779891013	29
Hidden Frame	0.5531071428571428	0.1639447825228741	49
Gene Fusion	0.319	0.6011308692505385	26
Hidden Frame	0.109	0.027324130420479	19
Hidden Frame	0.3055	0.3278895650457482	18
Hidden Frame	0.3485	0.2459171737843112	19
Hidden Frame	0.4515	0.081972391261437	34
Gene Fusion	0.319	0.8470480430348496	21
Hidden Frame	0.319	0.027324130420479	21
Hidden Frame	0.5609999999999999	0.027324130420479	8
Hidden Frame	0.3971666666666666	0.8470480430348495	12
Hidden Frame	0.3485	0.2459171737843112	11
Gene Fusion	0.4755	0.109296521681916	12
Hidden Frame	0.319	0.027324130420479	22
Gene Fusion	0.4855	1.420854781864909	15
Hidden Frame	0.3188333333333333	0.2459171737843112	12
Hidden Frame	0.2085	0.0373718332977055	17
Gene Fusion	0.603	0.2989746663816441	37
Splice	0.3795	0.3176605830304969	10
Hidden Frame	0.2085	0.074743666595411	13
Gene Fusion	0.412	0.0934295832442638	31
Indel	0.3923	1.156583218297787	13
Hidden Frame	0.3295	2.2241984967265136	36
Gene Fusion	0.184	6.049819911096117	13
Hidden Frame	0.3295	0.4448396993453027	46
Gene Fusion	0.2274999999999999	0.0889679398690605	10
Indel	1.1236	0.3558717594762421	4
Hidden Frame	0.587	0.0889679398690605	32
Hidden Frame	0.3295	32.65123393194522	27
Indel	0.2583	0.0889679398690605	15
Gene Fusion	0.184	7.206403129393904	13
Hidden Frame	0.3295	2.402134376464635	47
Hidden Frame	0.587	1.156583218297787	40
Hidden Frame	0.3295	0.6227755790834238	19
Hidden Frame	0.3295	415.836150947989	31
Hidden Frame	0.3295	2.0462626169883924	24
Indel	0.3099	1.7793587973812108	28
Hidden Frame	0.587	0.177935879738121	33
Hidden Frame	0.587	1.334519098035908	32
Gene Fusion	0.364	0.123804052849474	1
Gene Fusion	0.364	2.7236891626884296	46
Gene Fusion	0.4644999999999999	0.2476081056989481	34
Gene Fusion	0.364	2.4760810569894818	22
Gene Fusion	0.4644999999999999	0.123804052849474	9
Gene Fusion	0.4644999999999999	0.9904324227957928	27
Indel	0.2378	0.9904324227957928	16
Indel	0.7989	0.3639321941915985	15
Indel	0.397	0.075717737902293	37
Hidden Frame	0.476	0.075717737902293	2
Stoploss	0.7029	1.4386370201435685	15
Indel	0.9771	115.88847539223528	29
Indel	0.4773	0.8757315520823826	1
Hidden Frame	0.12	2.4325876446732853	86
Indel	0.8802	0.1946070115738628	39
Indel	0.4459	0.1946070115738628	39
Indel	0.4459	0.0973035057869314	146
Indel	0.9303	1.3622490810170396	4
Splice	0.7017	0.1751989120848355	28
Hidden Frame	0.407	0.5255967362545064	4
Hidden Frame	0.049	0.6090232422692153	14
Indel	0.6266	0.0329201752577954	29
Indel	0.5079	0.1810609639178748	71
Indel	0.3845	0.1481407886600794	4
Hidden Frame	0.311	0.6254833298981131	4
Gene Fusion	0.4489999999999999	0.1152206134022839	5
Hidden Frame	0.759	3.3249377010373378	49
Indel	0.0747	0.1481407886600794	3
Hidden Frame	0.61975	0.0329201752577954	8
Indel	0.455	0.0164600876288977	1
Indel	0.3093	0.0164600876288977	15
Splice	0.6699	0.2798214896912611	8
Hidden Frame	0.759	0.2139811391756702	13
Hidden Frame	0.217	0.0329201752577954	5
Gene Fusion	0.309	1.218046484538431	14
Gene Fusion	0.1285	0.0329201752577954	3
Indel	0.2287	0.4608824536091358	7
Hidden Frame	0.6214999999999999	0.0493802628866931	35
Hidden Frame	0.311	1.2674267474251237	1
Indel	0.3988	4.213782432997815	4
Indel	0.1416	0.625483329898113	63
Gene Fusion	0.309	0.7077837680426016	5
Indel	0.1232	0.0164600876288977	49
Hidden Frame	0.7105	0.0164600876288977	33
Splice	0.3106	0.0329201752577954	21
Indel	0.4289	0.0823004381444885	37
Indel	0.4289	123.58233791776402	27
Hidden Frame	0.049	0.0493802628866931	29
Gene Fusion	0.2915	0.0164600876288977	6
Gene Fusion	0.4489999999999999	0.0823004381444885	27
Hidden Frame	0.04125	0.0823004381444885	26
Indel	0.2048	0.5431828917536244	64
Indel	0.4031	4.049181556708837	49
Indel	0.4031	0.0658403505155908	23
Hidden Frame	0.311	0.0658403505155908	21
Gene Fusion	0.111	0.0329201752577954	20
Gene Fusion	0.1395	0.0658403505155908	85
Hidden Frame	0.311	5.843331108258688	12
Hidden Frame	0.759	0.0164600876288977	33
Hidden Frame	0.066	0.0493802628866931	2
Indel	0.1608	0.2798214896912611	11
Hidden Frame	0.311	10.024193365998707	12
Hidden Frame	0.311	0.0329201752577954	90
Hidden Frame	0.311	0.0658403505155908	96
Indel	0.6448	0.0329201752577954	53
Hidden Frame	0.311	6.518194701043494	4
Indel	0.6315	0.7444065895712811	24
Indel	0.371	0.0161827519472017	14
Hidden Frame	0.2205	2.5083265518162734	66
Indel	0.4008	0.0161827519472017	29
Hidden Frame	0.7415	1.5373614349841678	4
Indel	0.5936	0.0970965116832106	10
Indel	0.5074	13.48023237201907	9
Hidden Frame	0.2205	0.5663963181520618	86
Hidden Frame	0.2205	0.1456447675248159	86
Indel	0.5568	0.0536621751426072	36
Indel	0.5568	0.3085575070699916	27
Gene Fusion	0.28475	12.154482669800538	79
Gene Fusion	0.2882142857142858	3.93075432919598	54
Gene Fusion	0.2882142857142858	0.0536621751426072	34
Indel	0.4573	0.0134155437856518	22
Hidden Frame	0.245	4.051494223266846	20
Indel	0.3725	0.067077718928259	38
Indel	0.3725	0.0268310875713036	12
Indel	0.3223	0.4561284887121614	10
Hidden Frame	0.245	0.7378549082108494	11
Hidden Frame	0.3165	0.0111433622300774	16
Gene Fusion	0.8200000000000001	36.59480156357419	14
Hidden Frame	0.3374999999999999	0.0445734489203096	3
Gene Fusion	0.8200000000000001	0.0222867244601548	29
Gene Fusion	0.8200000000000001	0.3788743158226316	11
Hidden Frame	0.3523	0.0111433622300774	13
Hidden Frame	0.3523	0.0891468978406192	3
Gene Fusion	0.2293333333333333	3.4767290157841493	28
Hidden Frame	0.34239583333333334	0.2117238823714706	16
Hidden Frame	0.44325	0.0445734489203096	12
Gene Fusion	0.077	0.0222867244601548	4
Gene Fusion	1.1275	0.0334300866902322	19
Hidden Frame	0.392	9.382710997725173	23
Hidden Frame	0.482	0.0445734489203096	34
Hidden Frame	0.129	8.000934081195574	32
Hidden Frame	0.4355	0.1782937956812384	9
Indel	0.6534	0.1560070712210836	4
Hidden Frame	0.2724999999999999	0.2897274179820124	15
Hidden Frame	0.0735	0.0222867244601548	69
Gene Fusion	0.2293333333333333	0.0891468978406192	28
Hidden Frame	0.3522916666666666	0.2117238823714706	11
Hidden Frame	0.482	1.6269308855913005	30
Hidden Frame	0.482	0.8246088050257276	8
Hidden Frame	0.199	0.334300866902322	32
Gene Fusion	0.2293333333333333	11.8342506883422	24
Gene Fusion	0.2293333333333333	1.9612317524936225	40
Hidden Frame	0.368	0.0222867244601548	29
Gene Fusion	0.077	0.1560070712210836	17
Gene Fusion	0.077	0.0445734489203096	30
Hidden Frame	0.31768749999999996	0.1448637089910062	9
Gene Fusion	0.2293333333333333	0.8246088050257276	1
Gene Fusion	0.8200000000000001	2.250959170475635	11
Hidden Frame	0.368	0.111433622300774	3
Gene Fusion	0.2293333333333333	0.1002902600706966	3
Hidden Frame	0.129	0.0222867244601548	31
Hidden Frame	0.7355	0.7195982046585836	14
Indel	0.4297	0.4390768706391358	7
Hidden Frame	0.2535	0.0243931594799519	3
Hidden Frame	0.7355	2.110008295015847	8
Hidden Frame	0.7355	3.3784525879733502	53
Gene Fusion	0.505	0.2920173298236846	11
Hidden Frame	0.2055	0.0157847205310099	62
Indel	0.9956	0.5998193801783798	21
Indel	0.8998	0.0552465218585349	37
Indel	0.7646	0.0236770807965149	15
Indel	0.4575	4.443398829479313	2
Hidden Frame	0.2055	0.0078923602655049	23
Hidden Frame	0.2055	0.0315694410620199	56
Indel	0.8998	0.0157847205310099	3
Indel	0.8998	0.2525555284961599	3
Hidden Frame	0.4316666666666667	0.1104930437170699	11
Hidden Frame	0.536	10.079815864904582	8
Hidden Frame	0.536	56.94899858304068	26
Hidden Frame	0.536	0.1764948303193408	12
Indel	0.4885	0.0131186511549811	11
Hidden Frame	0.121	0.3804408834944529	18
Gene Fusion	0.166875	1.84972981285234	27
Hidden Frame	0.14	0.5116273950442642	7
Stoploss	0.4999	0.0131186511549811	25
Gene Fusion	0.166875	0.4460341392693586	19
Gene Fusion	0.166875	3.030408416800642	41
Hidden Frame	0.8385	9.137917445769316	37
Indel	0.4252	0.1427799600901455	17
Indel	0.9729	0.642509820405655	5
Gene Fusion	0.242	0.1427799600901455	38
Indel	0.6517	0.0713899800450727	80
Gene Fusion	0.5755	0.4283398802704367	121
Gene Fusion	0.5755	0.2141699401352183	59
Gene Fusion	0.5755	0.642509820405655	41
Hidden Frame	0.8385	0.4997298603155094	5
Gene Fusion	0.242	0.1427799600901455	2
Gene Fusion	0.242	0.0713899800450727	7
Gene Fusion	0.8218333333333333	0.2141699401352183	37
Gene Fusion	0.5755	21.98811385388241	9
Gene Fusion	0.8218333333333333	0.4997298603155094	9
Hidden Frame	0.8385	0.3569499002253639	5
Hidden Frame	0.2804999999999999	0.2855599201802911	9
Indel	0.4252	0.1427799600901455	35
Gene Fusion	0.3815	0.3865983366993162	24
Hidden Frame	0.1704999999999999	1.6430429309720938	25
Indel	0.5922	0.5798975050489742	26
Gene Fusion	0.3884999999999999	1.5463933467972648	71
Indel	1.0813	0.096649584174829	10
Gene Fusion	0.3884999999999999	0.3865983366993162	83
Gene Fusion	0.3815	1.836342099321752	2
Gene Fusion	0.3815	0.3865983366993162	5
Gene Fusion	0.3815	0.2899487525244871	4
Hidden Frame	0.1704999999999999	5.412376713790427	1
Gene Fusion	0.3884999999999999	1.3530941784476067	22
Gene Fusion	0.3884999999999999	0.096649584174829	66
Hidden Frame	0.1704999999999999	2.512889188545555	12
Gene Fusion	0.3815	1.2564445942727775	5
Hidden Frame	0.1704999999999999	1.4497437626224356	7
Gene Fusion	0.3815	0.096649584174829	21
Hidden Frame	0.60695	0.3757027543501541	27
Hidden Frame	0.1525	0.0939256885875385	27
Hidden Frame	0.1525	1.0895379876154472	11
Gene Fusion	0.212	1.7979332267213413	34
Hidden Frame	0.085	4.315039744131219	44
Gene Fusion	0.4565	0.0653793900625942	1
Hidden Frame	0.289	0.7559082151860985	45
Indel	0.4136	0.0243841359737451	12
Hidden Frame	0.376	0.633987535317373	18
Hidden Frame	0.376	1.6093529742671775	13
Hidden Frame	0.376	2.6822549571119625	14
Hidden Frame	0.289	0.0975365438949804	1
Gene Fusion	1.14	0.3984855840012592	17
Hidden Frame	0.692	0.2715562525938251	9
Gene Fusion	0.2935	0.0493738641079682	11
Hidden Frame	0.692	5.011447206958772	41
Stoploss	0.7079	0.0740607961619523	2
Indel	0.4373	0.0493738641079682	8
Indel	0.7799	7.159210295655389	21
Gene Fusion	0.518	1.6540244476169346	56
Hidden Frame	0.692	0.0740607961619523	13
Indel	0.4278	1.5305897873470142	6
Hidden Frame	0.6825	0.3949909128637456	2
Hidden Frame	0.24	1.2837204668071731	1
Hidden Frame	0.3395	0.6171733013496025	43
Hidden Frame	0.3125	4.888012546688851	9
Hidden Frame	0.9735	0.1447355309156179	1
Gene Fusion	0.5285	0.0723677654578089	29
Hidden Frame	0.9735	0.3618388272890449	11
Hidden Frame	0.9735	0.0723677654578089	5
Hidden Frame	0.2875	0.113295498679201	28
Hidden Frame	0.417	0.2492500970942423	63
Hidden Frame	0.3293333333333332	0.1586136981508815	1
Hidden Frame	0.3293333333333332	6.888366319695425	30
Hidden Frame	0.458	0.113295498679201	101
Hidden Frame	0.458	1.0196594881128096	33
Hidden Frame	0.3293333333333333	0.0679772992075206	66
Indel	0.5314	4.985001941884847	5
Hidden Frame	0.2909	0.2492500970942423	1
Hidden Frame	0.417	1.2235913857353715	84
Splice	0.5283	2.0846371756972997	19
Indel	0.3176	0.7704093910185673	23
Hidden Frame	0.32933333333333326	1.9260234775464182	28
Hidden Frame	0.458	0.1359545984150413	52
Hidden Frame	0.458	0.4985001941884847	64
Hidden Frame	0.417	0.1812727978867217	8
Hidden Frame	0.294	0.1888342804946119	1
Gene Fusion	0.084	0.2231677860390868	8
Hidden Frame	0.0529999999999999	0.0858337638611872	3
Hidden Frame	0.2846666666666667	0.1030005166334246	34
Gene Fusion	0.3085	0.2060010332668493	27
Gene Fusion	0.2425	0.0171667527722374	34
Gene Fusion	0.0615	0.5493360887115983	14
Hidden Frame	0.1521666666666666	0.0686670110889497	25
Hidden Frame	0.19025	0.0343335055444748	34
Hidden Frame	0.294	0.0515002583167123	4
Hidden Frame	0.14925	0.0171667527722374	11
Hidden Frame	0.6733333333333333	0.154500774950137	73
Hidden Frame	0.6372916666666667	0.6866701108894979	77
Hidden Frame	0.7454166666666666	0.3776685609892238	98
Hidden Frame	0.294	0.309001549900274	8
Gene Fusion	0.1674999999999999	0.0515002583167123	13
Hidden Frame	0.1674999999999999	0.2575012915835617	13
Hidden Frame	0.6012500000000001	0.0515002583167123	45
Hidden Frame	0.6733333333333333	0.1030005166334246	70
Hidden Frame	0.7454166666666666	0.6695033581172605	50
Hidden Frame	0.8175	0.0515002583167123	46
Hidden Frame	0.6733333333333333	0.3948353137614612	49
Gene Fusion	0.42	0.0858337638611872	25
Hidden Frame	0.6733333333333333	0.9270046497008221	46
Gene Fusion	0.28975	0.0343335055444748	59
Gene Fusion	0.0615	0.154500774950137	10
Indel	0.1589	0.1888342804946119	2
Gene Fusion	0.1718333333333333	0.4120020665336987	11
Gene Fusion	0.13	0.8583376386118723	17
Hidden Frame	0.33625	0.1373340221778995	12
Hidden Frame	0.33625	0.0171667527722374	40
Gene Fusion	0.084	20.05076723797334	4
Gene Fusion	0.084	0.9441714024730596	70
Hidden Frame	0.7454166666666666	0.1030005166334246	41
Hidden Frame	0.6733333333333333	0.1030005166334246	23
Hidden Frame	0.6733333333333333	1.4763407384124205	29
Gene Fusion	0.42	0.1201672694056621	29
Gene Fusion	0.257	0.0515002583167123	7
Gene Fusion	0.1737708333333333	0.3776685609892237	50
Hidden Frame	0.191	3.2960165322695896	18
Gene Fusion	0.0665	0.0171667527722374	7
Hidden Frame	0.33625	3.1758492628639274	6
Hidden Frame	0.3905714285714286	0.0515002583167123	43
Hidden Frame	0.3905714285714286	0.0171667527722374	44
Hidden Frame	0.33625	0.3261683026725115	35
Hidden Frame	0.1724545454545454	0.0343335055444748	30
Hidden Frame	0.6733333333333333	2.7295136907857547	30
Hidden Frame	0.33625	0.6695033581172605	30
Gene Fusion	0.2095	4.961191551176622	5
Gene Fusion	0.084	0.3261683026725115	11
Gene Fusion	0.0615	0.0515002583167123	28
Hidden Frame	0.8175	0.0343335055444748	33
Hidden Frame	0.6733333333333333	0.2918347971280366	54
Hidden Frame	0.6733333333333333	0.49783583039488577	58
Hidden Frame	0.6372916666666667	0.6351698525727855	79
Hidden Frame	0.6733333333333333	0.0858337638611872	100
Hidden Frame	0.1152307692307692	0.1030005166334246	35
Stoploss	0.1564	9.785049080175344	7
Hidden Frame	0.1797499999999999	0.0343335055444748	14
Gene Fusion	0.1796785714285714	0.4291688193059361	57
Hidden Frame	0.1525	0.0171667527722374	15
Gene Fusion	0.128	0.3948353137614612	20
Gene Fusion	0.128	0.0343335055444748	25
Gene Fusion	0.128	0.1201672694056621	29
Gene Fusion	0.0615	0.4978358303948859	13
Hidden Frame	0.294	0.0171667527722374	10
Hidden Frame	0.294	0.0343335055444748	42
Gene Fusion	0.257	0.0171667527722374	6
Hidden Frame	0.294	0.0343335055444748	1
Hidden Frame	0.6733333333333333	0.0343335055444748	83
Hidden Frame	0.6012500000000001	0.0343335055444748	63
Gene Fusion	0.1058333333333333	0.1716675277223744	47
Gene Fusion	0.0946111111111111	1.6995085244515071	47
Gene Fusion	0.1058333333333333	0.6695033581172605	100
Gene Fusion	0.1058333333333333	0.8926711441563472	74
Gene Fusion	0.0968125	0.309001549900274	52
Gene Fusion	0.0525	0.3261683026725115	56
Gene Fusion	0.128	0.4291688193059361	16
Hidden Frame	0.2575	0.1030005166334246	5
Hidden Frame	0.257	1.081505424650959	6
Hidden Frame	0.294	0.0858337638611872	39
Hidden Frame	0.1154999999999999	0.0171667527722374	9
Gene Fusion	0.10313968253968252	26.059130708256443	2
Gene Fusion	0.1674999999999999	0.0515002583167123	6
Gene Fusion	0.092125	0.5836695942560732	13
Indel	0.2623	0.2403345388113242	37
Gene Fusion	0.0615	0.2403345388113242	18
Gene Fusion	0.42	0.0515002583167123	15
Gene Fusion	0.1674999999999999	0.0858337638611872	29
Indel	0.6768	0.1839203580708667	29
Gene Fusion	0.3265	5.9774116373031685	24
Gene Fusion	0.43925	2.834927307557229	15
Indel	0.9397	0.4361426627011122	25
Hidden Frame	0.5415000000000001	0.109035665675278	1
Hidden Frame	0.413	0.7632496597269464	10
Hidden Frame	0.4685	0.0722484468028906	8
Hidden Frame	0.616	0.1444968936057812	52
Hidden Frame	0.522	0.1444968936057812	18
Indel	0.1485	0.1444968936057812	3
Hidden Frame	0.522	0.8669813616346875	29
Hidden Frame	0.119	1.8062111700722656	11
Hidden Frame	0.762	1.0114782552404689	84
Hidden Frame	0.522	0.6502360212260156	7
Indel	1.081	0.1188211798277758	8
Indel	0.7345	0.5346953092249912	55
Hidden Frame	0.2155	1.7823176974166377	19
Indel	1.0297	0.3564635394833275	57
Gene Fusion	0.257	2.614065956211068	33
Hidden Frame	0.867	480.33461945378383	4
Hidden Frame	0.867	1.0693906184499826	12
Hidden Frame	0.177	3.3269930351777233	30
Gene Fusion	0.505	2.3764235965555165	7
Gene Fusion	0.182	3.505224804919387	23
Hidden Frame	0.488	0.653516489052767	40
Hidden Frame	0.2155	7.248091969494325	4
Hidden Frame	0.20975	0.8317482587944308	50
Hidden Frame	0.20975	0.653516489052767	48
Indel	0.4154	0.1188211798277758	6
Hidden Frame	0.488	0.653516489052767	98
Hidden Frame	0.365	0.5941058991388791	21
Hidden Frame	0.867	0.4158741293972154	13
Gene Fusion	0.4535	2.970529495694396	39
Hidden Frame	0.283	0.2970529495694395	17
Hidden Frame	0.867	0.3564635394833275	6
Gene Fusion	0.961	2.804344127006436	7
Gene Fusion	0.594	1.2372106442675452	21
Gene Fusion	0.594	0.247442128853509	35
Gene Fusion	0.594	0.7423263865605272	22
Hidden Frame	0.3075	8.495513090637145	1
Gene Fusion	0.594	1.8145756115924	1
Gene Fusion	0.594	0.1649614192356727	5
Gene Fusion	0.6375000000000001	0.4268858089710195	1
Gene Fusion	0.3385	0.0711476348285032	73
Gene Fusion	1.036	0.2134429044855097	25
Gene Fusion	0.741	0.1422952696570065	27
Hidden Frame	0.418	0.0711476348285032	5
Gene Fusion	0.6375000000000001	0.4980334437995227	19
Gene Fusion	0.741	0.0711476348285032	13
Gene Fusion	0.3385	0.1422952696570065	23
Gene Fusion	0.741	0.1422952696570065	1
Hidden Frame	0.418	0.1422952696570065	51
Gene Fusion	0.3385	5.193777342480737	2
Indel	0.8209	0.4980334437995227	16
Gene Fusion	0.6375000000000001	0.1422952696570065	15
Gene Fusion	0.6375000000000001	0.0711476348285032	16
Gene Fusion	0.6375000000000001	0.284590539314013	40
Gene Fusion	0.6375000000000001	0.3557381741425162	2
Gene Fusion	0.741	0.7826239831135358	10
Gene Fusion	0.6	0.0711476348285032	6
Gene Fusion	0.3239999999999999	0.6403287134565293	10
Gene Fusion	0.34675	0.569181078628026	27
Hidden Frame	0.1775	0.0747861769717656	13
Hidden Frame	0.211	0.3422571562834021	16
Hidden Frame	0.2704999999999999	1.3119857657530416	2
Hidden Frame	0.211	0.057042859380567	32
Hidden Frame	0.211	0.3993000156639691	24
Hidden Frame	0.211	1.5972000626558769	86
Hidden Frame	0.437	0.114085718761134	123
Hidden Frame	0.8125	0.0750550660255663	1
Hidden Frame	0.8125	0.0750550660255663	2
Hidden Frame	0.8125	0.0750550660255663	64
Hidden Frame	0.8125	0.1501101320511326	7
Hidden Frame	0.0775	0.0604174182027077	32
Hidden Frame	0.4994999999999999	0.0755217727533847	12
Hidden Frame	0.2615	0.256774027361508	1
Gene Fusion	0.3516666666666666	0.1057304818547386	8
Hidden Frame	0.345	0.0151043545506769	26
Hidden Frame	0.2319999999999999	0.0151043545506769	70
Gene Fusion	0.1684999999999999	0.0453130636520308	9
Hidden Frame	0.345	0.0755217727533847	1
Gene Fusion	0.4625	0.0302087091013538	53
Gene Fusion	0.4625	0.0151043545506769	69
Gene Fusion	0.4625	0.0302087091013538	67
Hidden Frame	0.345	0.0453130636520307	25
Hidden Frame	0.2319999999999999	0.0151043545506769	8
Hidden Frame	0.345	0.0302087091013538	78
Hidden Frame	0.345	0.0302087091013538	32
Hidden Frame	0.345	0.0453130636520308	59
Hidden Frame	0.345	0.0302087091013538	33
Indel	0.5064	0.0906261273040616	15
Hidden Frame	0.345	0.10573048185473849	10
Gene Fusion	0.1684999999999999	0.0302087091013538	2
Gene Fusion	0.30575	0.0302087091013538	7
Gene Fusion	0.41725	0.0604174182027077	28
Hidden Frame	0.262	1.2589377838342677	6
Hidden Frame	0.262	0.0719393019333867	44
Hidden Frame	0.2185	0.1438786038667734	13
Gene Fusion	0.3665	0.7193930193338672	47
Hidden Frame	0.79	0.0719393019333867	52
Hidden Frame	0.79	0.2877572077335469	6
Indel	0.9101	0.10790895290008	15
Hidden Frame	0.75	0.0359696509666933	28
Hidden Frame	0.75	0.4676054625670137	45
Hidden Frame	0.79	0.0719393019333867	6
Hidden Frame	0.2185	0.10790895290008	49
Hidden Frame	0.75	5.035751135337071	8
Hidden Frame	0.75	0.4316358116003203	12
Hidden Frame	0.75	0.395666160633627	25
